tiempo_s,step,phase,pwm,pwm_pct,dt_s,delta_counts,omega_raw,omega_filt,rpm,total_counts,tension_equivalente_V
0.1,0,0,0,0.0,0.1,0.0,0.0,0.0,0.0,0.0,0.0
0.2,0,0,0,0.0,0.1,0.0,0.0,0.0,0.0,0.0,0.0
0.3,0,0,0,0.0,0.1,0.0,0.0,0.0,0.0,0.0,0.0
0.4,0,0,0,0.0,0.1,0.0,0.0,0.0,0.0,0.0,0.0
0.5,0,0,0,0.0,0.1,0.0,0.0,0.0,0.0,0.0,0.0
0.6,0,0,0,0.0,0.1,0.0,0.0,0.0,0.0,0.0,0.0
0.7,0,0,0,0.0,0.1,0.0,0.0,0.0,0.0,0.0,0.0
0.8,0,0,0,0.0,0.1,0.0,0.0,0.0,0.0,0.0,0.0
0.9,0,0,0,0.0,0.1,0.0,0.0,0.0,0.0,0.0,0.0
1.0,0,0,0,0.0,0.1,0.0,0.0,0.0,0.0,0.0,0.0
1.1,0,0,0,0.0,0.1,0.0,0.0,0.0,0.0,0.0,0.0
1.2,0,0,0,0.0,0.1,0.0,0.0,0.0,0.0,0.0,0.0
1.3,0,0,0,0.0,0.1,0.0,0.0,0.0,0.0,0.0,0.0
1.4,0,0,0,0.0,0.1,0.0,0.0,0.0,0.0,0.0,0.0
1.5,0,0,0,0.0,0.1,0.0,0.0,0.0,0.0,0.0,0.0
1.6,0,0,0,0.0,0.1,0.0,0.0,0.0,0.0,0.0,0.0
1.7,0,0,0,0.0,0.1,0.0,0.0,0.0,0.0,0.0,0.0
1.8,0,0,0,0.0,0.1,0.0,0.0,0.0,0.0,0.0,0.0
1.9,0,0,0,0.0,0.1,0.0,0.0,0.0,0.0,0.0,0.0
2.0,0,0,0,0.0,0.1,0.0,0.0,0.0,0.0,0.0,0.0
2.1,0,0,0,0.0,0.1,0.0,0.0,0.0,0.0,0.0,0.0
2.2,0,0,0,0.0,0.1,0.0,0.0,0.0,0.0,0.0,0.0
2.3,0,0,0,0.0,0.1,0.0,0.0,0.0,0.0,0.0,0.0
2.4,0,0,0,0.0,0.1,0.0,0.0,0.0,0.0,0.0,0.0
2.5,0,1,0,0.0,0.1,0.0,0.0,0.0,0.0,0.0,0.0
2.6,0,1,0,0.0,0.1,0.0,0.0,0.0,0.0,0.0,0.0
2.7,0,1,0,0.0,0.1,0.0,0.0,0.0,0.0,0.0,0.0
2.8,0,1,0,0.0,0.1,0.0,0.0,0.0,0.0,0.0,0.0
2.9,0,1,0,0.0,0.1,0.0,0.0,0.0,0.0,0.0,0.0
3.0,0,1,0,0.0,0.1,0.0,0.0,0.0,0.0,0.0,0.0
3.1,0,1,0,0.0,0.1,0.0,0.0,0.0,0.0,0.0,0.0
3.2,0,1,0,0.0,0.1,0.0,0.0,0.0,0.0,0.0,0.0
3.3,0,1,0,0.0,0.1,0.0,0.0,0.0,0.0,0.0,0.0
3.4,0,1,0,0.0,0.1,0.0,0.0,0.0,0.0,0.0,0.0
3.5,0,1,0,0.0,0.1,0.0,0.0,0.0,0.0,0.0,0.0
3.6,0,1,0,0.0,0.1,0.0,0.0,0.0,0.0,0.0,0.0
3.7,0,1,0,0.0,0.1,0.0,0.0,0.0,0.0,0.0,0.0
3.8,0,1,0,0.0,0.1,0.0,0.0,0.0,0.0,0.0,0.0
3.9,0,1,0,0.0,0.1,0.0,0.0,0.0,0.0,0.0,0.0
4.0,0,1,0,0.0,0.1,0.0,0.0,0.0,0.0,0.0,0.0
4.1,0,1,0,0.0,0.1,0.0,0.0,0.0,0.0,0.0,0.0
4.2,0,1,0,0.0,0.1,0.0,0.0,0.0,0.0,0.0,0.0
4.3,0,1,0,0.0,0.1,0.0,0.0,0.0,0.0,0.0,0.0
4.4,0,1,0,0.0,0.1,0.0,0.0,0.0,0.0,0.0,0.0
4.5,1,0,20,7.843,0.1,0.0,0.0,0.0,0.0,0.0,0.9411764705882353
4.6,1,0,20,7.843,0.1,0.0,0.0,0.0,0.0,0.0,0.9411764705882353
4.7,1,0,20,7.843,0.1,0.0,0.0,0.0,0.0,0.0,0.9411764705882353
4.8,1,0,20,7.843,0.1,0.0,0.0,0.0,0.0,0.0,0.9411764705882353
4.9,1,0,20,7.843,0.1,0.0,0.0,0.0,0.0,0.0,0.9411764705882353
5.0,1,0,20,7.843,0.1,0.0,0.0,0.0,0.0,0.0,0.9411764705882353
5.1,1,0,20,7.843,0.1,0.0,0.0,0.0,0.0,0.0,0.9411764705882353
5.2,1,0,20,7.843,0.1,0.0,0.0,0.0,0.0,0.0,0.9411764705882353
5.3,1,0,20,7.843,0.1,0.0,0.0,0.0,0.0,0.0,0.9411764705882353
5.4,1,0,20,7.843,0.1,0.0,0.0,0.0,0.0,0.0,0.9411764705882353
5.5,1,0,20,7.843,0.1,0.0,0.0,0.0,0.0,0.0,0.9411764705882353
5.6,1,0,20,7.843,0.1,0.0,0.0,0.0,0.0,0.0,0.9411764705882353
5.7,1,0,20,7.843,0.1,0.0,0.0,0.0,0.0,0.0,0.9411764705882353
5.8,1,0,20,7.843,0.1,0.0,0.0,0.0,0.0,0.0,0.9411764705882353
5.9,1,0,20,7.843,0.1,0.0,0.0,0.0,0.0,0.0,0.9411764705882353
6.0,1,0,20,7.843,0.1,0.0,0.0,0.0,0.0,0.0,0.9411764705882353
6.1,1,0,20,7.843,0.1,0.0,0.0,0.0,0.0,0.0,0.9411764705882353
6.2,1,0,20,7.843,0.1,0.0,0.0,0.0,0.0,0.0,0.9411764705882353
6.3,1,0,20,7.843,0.1,0.0,0.0,0.0,0.0,0.0,0.9411764705882353
6.4,1,0,20,7.843,0.1,0.0,0.0,0.0,0.0,0.0,0.9411764705882353
6.5,1,0,20,7.843,0.1,0.0,0.0,0.0,0.0,0.0,0.9411764705882353
6.6,1,0,20,7.843,0.1,0.0,0.0,0.0,0.0,0.0,0.9411764705882353
6.7,1,0,20,7.843,0.1,0.0,0.0,0.0,0.0,0.0,0.9411764705882353
6.8,1,0,20,7.843,0.1,0.0,0.0,0.0,0.0,0.0,0.9411764705882353
6.9,1,0,20,7.843,0.1,0.0,0.0,0.0,0.0,0.0,0.9411764705882353
7.0,1,1,20,7.843,0.1,0.0,0.0,0.0,0.0,0.0,0.9411764705882353
7.1,1,1,20,7.843,0.1,0.0,0.0,0.0,0.0,0.0,0.9411764705882353
7.2,1,1,20,7.843,0.1,0.0,0.0,0.0,0.0,0.0,0.9411764705882353
7.3,1,1,20,7.843,0.1,0.0,0.0,0.0,0.0,0.0,0.9411764705882353
7.4,1,1,20,7.843,0.1,0.0,0.0,0.0,0.0,0.0,0.9411764705882353
7.5,1,1,20,7.843,0.1,0.0,0.0,0.0,0.0,0.0,0.9411764705882353
7.6,1,1,20,7.843,0.1,0.0,0.0,0.0,0.0,0.0,0.9411764705882353
7.7,1,1,20,7.843,0.1,0.0,0.0,0.0,0.0,0.0,0.9411764705882353
7.8,1,1,20,7.843,0.1,0.0,0.0,0.0,0.0,0.0,0.9411764705882353
7.9,1,1,20,7.843,0.1,0.0,0.0,0.0,0.0,0.0,0.9411764705882353
8.0,1,1,20,7.843,0.1,0.0,0.0,0.0,0.0,0.0,0.9411764705882353
8.1,1,1,20,7.843,0.1,0.0,0.0,0.0,0.0,0.0,0.9411764705882353
8.2,1,1,20,7.843,0.1,0.0,0.0,0.0,0.0,0.0,0.9411764705882353
8.3,1,1,20,7.843,0.1,0.0,0.0,0.0,0.0,0.0,0.9411764705882353
8.4,1,1,20,7.843,0.1,0.0,0.0,0.0,0.0,0.0,0.9411764705882353
8.5,1,1,20,7.843,0.1,0.0,0.0,0.0,0.0,0.0,0.9411764705882353
8.6,1,1,20,7.843,0.1,0.0,0.0,0.0,0.0,0.0,0.9411764705882353
8.7,1,1,20,7.843,0.1,0.0,0.0,0.0,0.0,0.0,0.9411764705882353
8.8,1,1,20,7.843,0.1,0.0,0.0,0.0,0.0,0.0,0.9411764705882353
8.9,1,1,20,7.843,0.1,0.0,0.0,0.0,0.0,0.0,0.9411764705882353
9.0,2,0,40,15.686,0.1,0.0,0.0,0.0,0.0,0.0,1.8823529411764706
9.1,2,0,40,15.686,0.1,0.0,0.0,0.0,0.0,0.0,1.8823529411764706
9.2,2,0,40,15.686,0.1,0.0,0.0,0.0,0.0,0.0,1.8823529411764706
9.3,2,0,40,15.686,0.1,0.0,0.0,0.0,0.0,0.0,1.8823529411764706
9.4,2,0,40,15.686,0.1,0.0,0.0,0.0,0.0,0.0,1.8823529411764706
9.5,2,0,40,15.686,0.1,0.0,0.0,0.0,0.0,0.0,1.8823529411764706
9.6,2,0,40,15.686,0.1,0.0,0.0,0.0,0.0,0.0,1.8823529411764706
9.7,2,0,40,15.686,0.1,0.0,0.0,0.0,0.0,0.0,1.8823529411764706
9.8,2,0,40,15.686,0.1,0.0,0.0,0.0,0.0,0.0,1.8823529411764706
9.9,2,0,40,15.686,0.1,0.0,0.0,0.0,0.0,0.0,1.8823529411764706
10.0,2,0,40,15.686,0.1,0.0,0.0,0.0,0.0,0.0,1.8823529411764706
10.1,2,0,40,15.686,0.1,0.0,0.0,0.0,0.0,0.0,1.8823529411764706
10.2,2,0,40,15.686,0.1,0.0,0.0,0.0,0.0,0.0,1.8823529411764706
10.3,2,0,40,15.686,0.1,0.0,0.0,0.0,0.0,0.0,1.8823529411764706
10.4,2,0,40,15.686,0.1,0.0,0.0,0.0,0.0,0.0,1.8823529411764706
10.5,2,0,40,15.686,0.1,0.0,0.0,0.0,0.0,0.0,1.8823529411764706
10.6,2,0,40,15.686,0.1,0.0,0.0,0.0,0.0,0.0,1.8823529411764706
10.7,2,0,40,15.686,0.1,0.0,0.0,0.0,0.0,0.0,1.8823529411764706
10.8,2,0,40,15.686,0.1,0.0,0.0,0.0,0.0,0.0,1.8823529411764706
10.9,2,0,40,15.686,0.1,0.0,0.0,0.0,0.0,0.0,1.8823529411764706
11.0,2,0,40,15.686,0.1,0.0,0.0,0.0,0.0,0.0,1.8823529411764706
11.1,2,0,40,15.686,0.1,0.0,0.0,0.0,0.0,0.0,1.8823529411764706
11.2,2,0,40,15.686,0.1,0.0,0.0,0.0,0.0,0.0,1.8823529411764706
11.3,2,0,40,15.686,0.1,0.0,0.0,0.0,0.0,0.0,1.8823529411764706
11.4,2,0,40,15.686,0.1,0.0,0.0,0.0,0.0,0.0,1.8823529411764706
11.5,2,1,40,15.686,0.1,0.0,0.0,0.0,0.0,0.0,1.8823529411764706
11.6,2,1,40,15.686,0.1,0.0,0.0,0.0,0.0,0.0,1.8823529411764706
11.7,2,1,40,15.686,0.1,0.0,0.0,0.0,0.0,0.0,1.8823529411764706
11.8,2,1,40,15.686,0.1,0.0,0.0,0.0,0.0,0.0,1.8823529411764706
11.9,2,1,40,15.686,0.1,0.0,0.0,0.0,0.0,0.0,1.8823529411764706
12.0,2,1,40,15.686,0.1,0.0,0.0,0.0,0.0,0.0,1.8823529411764706
12.1,2,1,40,15.686,0.1,0.0,0.0,0.0,0.0,0.0,1.8823529411764706
12.2,2,1,40,15.686,0.1,0.0,0.0,0.0,0.0,0.0,1.8823529411764706
12.3,2,1,40,15.686,0.1,0.0,0.0,0.0,0.0,0.0,1.8823529411764706
12.4,2,1,40,15.686,0.1,0.0,0.0,0.0,0.0,0.0,1.8823529411764706
12.5,2,1,40,15.686,0.1,0.0,0.0,0.0,0.0,0.0,1.8823529411764706
12.6,2,1,40,15.686,0.1,0.0,0.0,0.0,0.0,0.0,1.8823529411764706
12.7,2,1,40,15.686,0.1,0.0,0.0,0.0,0.0,0.0,1.8823529411764706
12.8,2,1,40,15.686,0.1,0.0,0.0,0.0,0.0,0.0,1.8823529411764706
12.9,2,1,40,15.686,0.1,0.0,0.0,0.0,0.0,0.0,1.8823529411764706
13.0,2,1,40,15.686,0.1,0.0,0.0,0.0,0.0,0.0,1.8823529411764706
13.1,2,1,40,15.686,0.1,0.0,0.0,0.0,0.0,0.0,1.8823529411764706
13.2,2,1,40,15.686,0.1,0.0,0.0,0.0,0.0,0.0,1.8823529411764706
13.3,2,1,40,15.686,0.1,0.0,0.0,0.0,0.0,0.0,1.8823529411764706
13.4,2,1,40,15.686,0.1,0.0,0.0,0.0,0.0,0.0,1.8823529411764706
13.5,3,0,60,23.529,0.1,0.0,0.0,0.0,0.0,0.0,2.823529411764706
13.6,3,0,60,23.529,0.1,0.0,0.0,0.0,0.0,0.0,2.823529411764706
13.7,3,0,60,23.529,0.1,0.0,0.0,0.0,0.0,0.0,2.823529411764706
13.8,3,0,60,23.529,0.1,0.0,0.0,0.0,0.0,0.0,2.823529411764706
13.9,3,0,60,23.529,0.1,0.0,0.0,0.0,0.0,0.0,2.823529411764706
14.0,3,0,60,23.529,0.1,0.0,0.0,0.0,0.0,0.0,2.823529411764706
14.1,3,0,60,23.529,0.1,0.0,0.0,0.0,0.0,0.0,2.823529411764706
14.2,3,0,60,23.529,0.1,0.0,0.0,0.0,0.0,0.0,2.823529411764706
14.3,3,0,60,23.529,0.1,0.0,0.0,0.0,0.0,0.0,2.823529411764706
14.4,3,0,60,23.529,0.1,0.0,0.0,0.0,0.0,0.0,2.823529411764706
14.5,3,0,60,23.529,0.1,0.0,0.0,0.0,0.0,0.0,2.823529411764706
14.6,3,0,60,23.529,0.1,0.0,0.0,0.0,0.0,0.0,2.823529411764706
14.7,3,0,60,23.529,0.1,0.0,0.0,0.0,0.0,0.0,2.823529411764706
14.8,3,0,60,23.529,0.1,0.0,0.0,0.0,0.0,0.0,2.823529411764706
14.9,3,0,60,23.529,0.1,0.0,0.0,0.0,0.0,0.0,2.823529411764706
15.0,3,0,60,23.529,0.1,0.0,0.0,0.0,0.0,0.0,2.823529411764706
15.1,3,0,60,23.529,0.1,0.0,0.0,0.0,0.0,0.0,2.823529411764706
15.2,3,0,60,23.529,0.1,0.0,0.0,0.0,0.0,0.0,2.823529411764706
15.3,3,0,60,23.529,0.1,0.0,0.0,0.0,0.0,0.0,2.823529411764706
15.4,3,0,60,23.529,0.1,0.0,0.0,0.0,0.0,0.0,2.823529411764706
15.5,3,0,60,23.529,0.1,0.0,0.0,0.0,0.0,0.0,2.823529411764706
15.6,3,0,60,23.529,0.1,0.0,0.0,0.0,0.0,0.0,2.823529411764706
15.7,3,0,60,23.529,0.1,0.0,0.0,0.0,0.0,0.0,2.823529411764706
15.8,3,0,60,23.529,0.1,0.0,0.0,0.0,0.0,0.0,2.823529411764706
15.9,3,0,60,23.529,0.1,0.0,0.0,0.0,0.0,0.0,2.823529411764706
16.0,3,1,60,23.529,0.1,0.0,0.0,0.0,0.0,0.0,2.823529411764706
16.1,3,1,60,23.529,0.1,0.0,0.0,0.0,0.0,0.0,2.823529411764706
16.2,3,1,60,23.529,0.1,0.0,0.0,0.0,0.0,0.0,2.823529411764706
16.3,3,1,60,23.529,0.1,0.0,0.0,0.0,0.0,0.0,2.823529411764706
16.4,3,1,60,23.529,0.1,0.0,0.0,0.0,0.0,0.0,2.823529411764706
16.5,3,1,60,23.529,0.1,0.0,0.0,0.0,0.0,0.0,2.823529411764706
16.6,3,1,60,23.529,0.1,0.0,0.0,0.0,0.0,0.0,2.823529411764706
16.7,3,1,60,23.529,0.1,0.0,0.0,0.0,0.0,0.0,2.823529411764706
16.8,3,1,60,23.529,0.1,0.0,0.0,0.0,0.0,0.0,2.823529411764706
16.9,3,1,60,23.529,0.1,0.0,0.0,0.0,0.0,0.0,2.823529411764706
17.0,3,1,60,23.529,0.1,0.0,0.0,0.0,0.0,0.0,2.823529411764706
17.1,3,1,60,23.529,0.1,0.0,0.0,0.0,0.0,0.0,2.823529411764706
17.2,3,1,60,23.529,0.1,0.0,0.0,0.0,0.0,0.0,2.823529411764706
17.3,3,1,60,23.529,0.1,0.0,0.0,0.0,0.0,0.0,2.823529411764706
17.4,3,1,60,23.529,0.1,0.0,0.0,0.0,0.0,0.0,2.823529411764706
17.5,3,1,60,23.529,0.1,0.0,0.0,0.0,0.0,0.0,2.823529411764706
17.6,3,1,60,23.529,0.1,0.0,0.0,0.0,0.0,0.0,2.823529411764706
17.7,3,1,60,23.529,0.1,0.0,0.0,0.0,0.0,0.0,2.823529411764706
17.8,3,1,60,23.529,0.1,0.0,0.0,0.0,0.0,0.0,2.823529411764706
17.9,3,1,60,23.529,0.1,0.0,0.0,0.0,0.0,0.0,2.823529411764706
18.0,4,0,80,31.373,0.1,0.0,0.0,0.0,0.0,0.0,3.764705882352941
18.1,4,0,80,31.373,0.1,0.0,0.0,0.0,0.0,0.0,3.764705882352941
18.2,4,0,80,31.373,0.1,0.0,0.0,0.0,0.0,0.0,3.764705882352941
18.3,4,0,80,31.373,0.1,0.0,0.0,0.0,0.0,0.0,3.764705882352941
18.4,4,0,80,31.373,0.1,0.0,0.0,0.0,0.0,0.0,3.764705882352941
18.5,4,0,80,31.373,0.1,0.0,0.0,0.0,0.0,0.0,3.764705882352941
18.6,4,0,80,31.373,0.1,0.0,0.0,0.0,0.0,0.0,3.764705882352941
18.7,4,0,80,31.373,0.1,0.0,0.0,0.0,0.0,0.0,3.764705882352941
18.8,4,0,80,31.373,0.1,0.0,0.0,0.0,0.0,0.0,3.764705882352941
18.9,4,0,80,31.373,0.1,0.0,0.0,0.0,0.0,0.0,3.764705882352941
19.0,4,0,80,31.373,0.1,0.0,0.0,0.0,0.0,0.0,3.764705882352941
19.1,4,0,80,31.373,0.1,0.0,0.0,0.0,0.0,0.0,3.764705882352941
19.2,4,0,80,31.373,0.1,0.0,0.0,0.0,0.0,0.0,3.764705882352941
19.3,4,0,80,31.373,0.1,0.0,0.0,0.0,0.0,0.0,3.764705882352941
19.4,4,0,80,31.373,0.1,0.0,0.0,0.0,0.0,0.0,3.764705882352941
19.5,4,0,80,31.373,0.1,0.0,0.0,0.0,0.0,0.0,3.764705882352941
19.6,4,0,80,31.373,0.1,0.0,0.0,0.0,0.0,0.0,3.764705882352941
19.7,4,0,80,31.373,0.1,0.0,0.0,0.0,0.0,0.0,3.764705882352941
19.8,4,0,80,31.373,0.1,0.0,0.0,0.0,0.0,0.0,3.764705882352941
19.9,4,0,80,31.373,0.1,0.0,0.0,0.0,0.0,0.0,3.764705882352941
20.0,4,0,80,31.373,0.1,0.0,0.0,0.0,0.0,0.0,3.764705882352941
20.1,4,0,80,31.373,0.1,0.0,0.0,0.0,0.0,0.0,3.764705882352941
20.2,4,0,80,31.373,0.1,0.0,0.0,0.0,0.0,0.0,3.764705882352941
20.3,4,0,80,31.373,0.1,0.0,0.0,0.0,0.0,0.0,3.764705882352941
20.4,4,0,80,31.373,0.1,0.0,0.0,0.0,0.0,0.0,3.764705882352941
20.5,4,1,80,31.373,0.1,0.0,0.0,0.0,0.0,0.0,3.764705882352941
20.6,4,1,80,31.373,0.1,0.0,0.0,0.0,0.0,0.0,3.764705882352941
20.7,4,1,80,31.373,0.1,0.0,0.0,0.0,0.0,0.0,3.764705882352941
20.8,4,1,80,31.373,0.1,0.0,0.0,0.0,0.0,0.0,3.764705882352941
20.9,4,1,80,31.373,0.1,0.0,0.0,0.0,0.0,0.0,3.764705882352941
21.0,4,1,80,31.373,0.1,0.0,0.0,0.0,0.0,0.0,3.764705882352941
21.1,4,1,80,31.373,0.1,0.0,0.0,0.0,0.0,0.0,3.764705882352941
21.2,4,1,80,31.373,0.1,0.0,0.0,0.0,0.0,0.0,3.764705882352941
21.3,4,1,80,31.373,0.1,0.0,0.0,0.0,0.0,0.0,3.764705882352941
21.4,4,1,80,31.373,0.1,0.0,0.0,0.0,0.0,0.0,3.764705882352941
21.5,4,1,80,31.373,0.1,0.0,0.0,0.0,0.0,0.0,3.764705882352941
21.6,4,1,80,31.373,0.1,0.0,0.0,0.0,0.0,0.0,3.764705882352941
21.7,4,1,80,31.373,0.1,0.0,0.0,0.0,0.0,0.0,3.764705882352941
21.8,4,1,80,31.373,0.1,0.0,0.0,0.0,0.0,0.0,3.764705882352941
21.9,4,1,80,31.373,0.1,0.0,0.0,0.0,0.0,0.0,3.764705882352941
22.0,4,1,80,31.373,0.1,0.0,0.0,0.0,0.0,0.0,3.764705882352941
22.1,4,1,80,31.373,0.1,0.0,0.0,0.0,0.0,0.0,3.764705882352941
22.2,4,1,80,31.373,0.1,0.0,0.0,0.0,0.0,0.0,3.764705882352941
22.3,4,1,80,31.373,0.1,0.0,0.0,0.0,0.0,0.0,3.764705882352941
22.4,4,1,80,31.373,0.1,0.0,0.0,0.0,0.0,0.0,3.764705882352941
22.5,5,0,100,39.216,0.1,0.0,0.0,0.0,0.0,0.0,4.705882352941177
22.6,5,0,100,39.216,0.1,0.0,0.0,0.0,0.0,0.0,4.705882352941177
22.7,5,0,100,39.216,0.1,0.0,0.0,0.0,0.0,0.0,4.705882352941177
22.8,5,0,100,39.216,0.1,0.0,0.0,0.0,0.0,0.0,4.705882352941177
22.9,5,0,100,39.216,0.1,0.0,0.0,0.0,0.0,0.0,4.705882352941177
23.0,5,0,100,39.216,0.1,0.0,0.0,0.0,0.0,0.0,4.705882352941177
23.1,5,0,100,39.216,0.1,0.0,0.0,0.0,0.0,0.0,4.705882352941177
23.2,5,0,100,39.216,0.1,0.0,0.0,0.0,0.0,0.0,4.705882352941177
23.3,5,0,100,39.216,0.1,0.0,0.0,0.0,0.0,0.0,4.705882352941177
23.4,5,0,100,39.216,0.1,0.0,0.0,0.0,0.0,0.0,4.705882352941177
23.5,5,0,100,39.216,0.1,0.0,0.0,0.0,0.0,0.0,4.705882352941177
23.6,5,0,100,39.216,0.1,0.0,0.0,0.0,0.0,0.0,4.705882352941177
23.7,5,0,100,39.216,0.1,0.0,0.0,0.0,0.0,0.0,4.705882352941177
23.8,5,0,100,39.216,0.1,0.0,0.0,0.0,0.0,0.0,4.705882352941177
23.9,5,0,100,39.216,0.1,0.0,0.0,0.0,0.0,0.0,4.705882352941177
24.0,5,0,100,39.216,0.1,0.0,0.0,0.0,0.0,0.0,4.705882352941177
24.1,5,0,100,39.216,0.1,0.0,0.0,0.0,0.0,0.0,4.705882352941177
24.2,5,0,100,39.216,0.1,0.0,0.0,0.0,0.0,0.0,4.705882352941177
24.3,5,0,100,39.216,0.1,0.0,0.0,0.0,0.0,0.0,4.705882352941177
24.4,5,0,100,39.216,0.1,0.0,0.0,0.0,0.0,0.0,4.705882352941177
24.5,5,0,100,39.216,0.1,0.0,0.0,0.0,0.0,0.0,4.705882352941177
24.6,5,0,100,39.216,0.1,0.0,0.0,0.0,0.0,0.0,4.705882352941177
24.7,5,0,100,39.216,0.1,0.0,0.0,0.0,0.0,0.0,4.705882352941177
24.8,5,0,100,39.216,0.1,0.0,0.0,0.0,0.0,0.0,4.705882352941177
24.9,5,0,100,39.216,0.1,0.0,0.0,0.0,0.0,0.0,4.705882352941177
25.0,5,1,100,39.216,0.1,0.0,0.0,0.0,0.0,0.0,4.705882352941177
25.1,5,1,100,39.216,0.1,0.0,0.0,0.0,0.0,0.0,4.705882352941177
25.2,5,1,100,39.216,0.1,0.0,0.0,0.0,0.0,0.0,4.705882352941177
25.3,5,1,100,39.216,0.1,0.0,0.0,0.0,0.0,0.0,4.705882352941177
25.4,5,1,100,39.216,0.1,0.0,0.0,0.0,0.0,0.0,4.705882352941177
25.5,5,1,100,39.216,0.1,0.0,0.0,0.0,0.0,0.0,4.705882352941177
25.6,5,1,100,39.216,0.1,0.0,0.0,0.0,0.0,0.0,4.705882352941177
25.7,5,1,100,39.216,0.1,0.0,0.0,0.0,0.0,0.0,4.705882352941177
25.8,5,1,100,39.216,0.1,0.0,0.0,0.0,0.0,0.0,4.705882352941177
25.9,5,1,100,39.216,0.1,0.0,0.0,0.0,0.0,0.0,4.705882352941177
26.0,5,1,100,39.216,0.1,0.0,0.0,0.0,0.0,0.0,4.705882352941177
26.1,5,1,100,39.216,0.1,0.0,0.0,0.0,0.0,0.0,4.705882352941177
26.2,5,1,100,39.216,0.1,0.0,0.0,0.0,0.0,0.0,4.705882352941177
26.3,5,1,100,39.216,0.1,0.0,0.0,0.0,0.0,0.0,4.705882352941177
26.4,5,1,100,39.216,0.1,0.0,0.0,0.0,0.0,0.0,4.705882352941177
26.5,5,1,100,39.216,0.1,0.0,0.0,0.0,0.0,0.0,4.705882352941177
26.6,5,1,100,39.216,0.1,0.0,0.0,0.0,0.0,0.0,4.705882352941177
26.7,5,1,100,39.216,0.1,0.0,0.0,0.0,0.0,0.0,4.705882352941177
26.8,5,1,100,39.216,0.1,0.0,0.0,0.0,0.0,0.0,4.705882352941177
26.9,5,1,100,39.216,0.1,0.0,0.0,0.0,0.0,0.0,4.705882352941177
27.0,6,0,120,47.059,0.1,0.0,0.0,0.0,0.0,0.0,5.647058823529412
27.1,6,0,120,47.059,0.1,0.0,0.0,0.0,0.0,0.0,5.647058823529412
27.2,6,0,120,47.059,0.1,0.0,0.0,0.0,0.0,0.0,5.647058823529412
27.3,6,0,120,47.059,0.1,0.0,0.0,0.0,0.0,0.0,5.647058823529412
27.4,6,0,120,47.059,0.1,0.0,0.0,0.0,0.0,0.0,5.647058823529412
27.5,6,0,120,47.059,0.1,0.0,0.0,0.0,0.0,0.0,5.647058823529412
27.6,6,0,120,47.059,0.1,0.0,0.0,0.0,0.0,0.0,5.647058823529412
27.7,6,0,120,47.059,0.1,0.0,0.0,0.0,0.0,0.0,5.647058823529412
27.8,6,0,120,47.059,0.1,0.0,0.0,0.0,0.0,0.0,5.647058823529412
27.9,6,0,120,47.059,0.1,0.0,0.0,0.0,0.0,0.0,5.647058823529412
28.0,6,0,120,47.059,0.1,0.0,0.0,0.0,0.0,0.0,5.647058823529412
28.1,6,0,120,47.059,0.1,0.0,0.0,0.0,0.0,0.0,5.647058823529412
28.2,6,0,120,47.059,0.1,0.0,0.0,0.0,0.0,0.0,5.647058823529412
28.3,6,0,120,47.059,0.1,0.0,0.0,0.0,0.0,0.0,5.647058823529412
28.4,6,0,120,47.059,0.1,0.0,0.0,0.0,0.0,0.0,5.647058823529412
28.5,6,0,120,47.059,0.1,0.0,0.0,0.0,0.0,0.0,5.647058823529412
28.6,6,0,120,47.059,0.1,0.0,0.0,0.0,0.0,0.0,5.647058823529412
28.7,6,0,120,47.059,0.1,0.0,0.0,0.0,0.0,0.0,5.647058823529412
28.8,6,0,120,47.059,0.1,0.0,0.0,0.0,0.0,0.0,5.647058823529412
28.9,6,0,120,47.059,0.1,0.0,0.0,0.0,0.0,0.0,5.647058823529412
29.0,6,0,120,47.059,0.1,0.0,0.0,0.0,0.0,0.0,5.647058823529412
29.1,6,0,120,47.059,0.1,0.0,0.0,0.0,0.0,0.0,5.647058823529412
29.2,6,0,120,47.059,0.1,0.0,0.0,0.0,0.0,0.0,5.647058823529412
29.3,6,0,120,47.059,0.1,0.0,0.0,0.0,0.0,0.0,5.647058823529412
29.4,6,0,120,47.059,0.1,0.0,0.0,0.0,0.0,0.0,5.647058823529412
29.5,6,1,120,47.059,0.1,0.0,0.0,0.0,0.0,0.0,5.647058823529412
29.6,6,1,120,47.059,0.1,0.0,0.0,0.0,0.0,0.0,5.647058823529412
29.7,6,1,120,47.059,0.1,0.0,0.0,0.0,0.0,0.0,5.647058823529412
29.8,6,1,120,47.059,0.1,0.0,0.0,0.0,0.0,0.0,5.647058823529412
29.9,6,1,120,47.059,0.1,0.0,0.0,0.0,0.0,0.0,5.647058823529412
30.0,6,1,120,47.059,0.1,0.0,0.0,0.0,0.0,0.0,5.647058823529412
30.1,6,1,120,47.059,0.1,0.0,0.0,0.0,0.0,0.0,5.647058823529412
30.2,6,1,120,47.059,0.1,0.0,0.0,0.0,0.0,0.0,5.647058823529412
30.3,6,1,120,47.059,0.1,0.0,0.0,0.0,0.0,0.0,5.647058823529412
30.4,6,1,120,47.059,0.1,0.0,0.0,0.0,0.0,0.0,5.647058823529412
30.5,6,1,120,47.059,0.1,0.0,0.0,0.0,0.0,0.0,5.647058823529412
30.6,6,1,120,47.059,0.1,0.0,0.0,0.0,0.0,0.0,5.647058823529412
30.7,6,1,120,47.059,0.1,0.0,0.0,0.0,0.0,0.0,5.647058823529412
30.8,6,1,120,47.059,0.1,0.0,0.0,0.0,0.0,0.0,5.647058823529412
30.9,6,1,120,47.059,0.1,0.0,0.0,0.0,0.0,0.0,5.647058823529412
31.0,6,1,120,47.059,0.1,0.0,0.0,0.0,0.0,0.0,5.647058823529412
31.1,6,1,120,47.059,0.1,0.0,0.0,0.0,0.0,0.0,5.647058823529412
31.2,6,1,120,47.059,0.1,0.0,0.0,0.0,0.0,0.0,5.647058823529412
31.3,6,1,120,47.059,0.1,0.0,0.0,0.0,0.0,0.0,5.647058823529412
31.4,6,1,120,47.059,0.1,0.0,0.0,0.0,0.0,0.0,5.647058823529412
31.5,7,0,140,54.902,0.1,0.0,0.0,0.0,0.0,0.0,6.588235294117647
31.6,7,0,140,54.902,0.1,0.0,0.0,0.0,0.0,0.0,6.588235294117647
31.7,7,0,140,54.902,0.1,0.0,0.0,0.0,0.0,0.0,6.588235294117647
31.8,7,0,140,54.902,0.1,0.0,0.0,0.0,0.0,0.0,6.588235294117647
31.9,7,0,140,54.902,0.1,0.0,0.0,0.0,0.0,0.0,6.588235294117647
32.0,7,0,140,54.902,0.1,0.0,0.0,0.0,0.0,0.0,6.588235294117647
32.1,7,0,140,54.902,0.1,0.0,0.0,0.0,0.0,0.0,6.588235294117647
32.2,7,0,140,54.902,0.1,0.0,0.0,0.0,0.0,0.0,6.588235294117647
32.3,7,0,140,54.902,0.1,0.0,0.0,0.0,0.0,0.0,6.588235294117647
32.4,7,0,140,54.902,0.1,0.0,0.0,0.0,0.0,0.0,6.588235294117647
32.5,7,0,140,54.902,0.1,0.0,0.0,0.0,0.0,0.0,6.588235294117647
32.6,7,0,140,54.902,0.1,0.0,0.0,0.0,0.0,0.0,6.588235294117647
32.7,7,0,140,54.902,0.1,0.0,0.0,0.0,0.0,0.0,6.588235294117647
32.8,7,0,140,54.902,0.1,0.0,0.0,0.0,0.0,0.0,6.588235294117647
32.9,7,0,140,54.902,0.1,0.0,0.0,0.0,0.0,0.0,6.588235294117647
33.0,7,0,140,54.902,0.1,0.0,0.0,0.0,0.0,0.0,6.588235294117647
33.1,7,0,140,54.902,0.1,0.0,0.0,0.0,0.0,0.0,6.588235294117647
33.2,7,0,140,54.902,0.1,0.0,0.0,0.0,0.0,0.0,6.588235294117647
33.3,7,0,140,54.902,0.1,0.0,0.0,0.0,0.0,0.0,6.588235294117647
33.4,7,0,140,54.902,0.1,0.0,0.0,0.0,0.0,0.0,6.588235294117647
33.5,7,0,140,54.902,0.1,0.0,0.0,0.0,0.0,0.0,6.588235294117647
33.6,7,0,140,54.902,0.1,0.0,0.0,0.0,0.0,0.0,6.588235294117647
33.7,7,0,140,54.902,0.1,0.0,0.0,0.0,0.0,0.0,6.588235294117647
33.8,7,0,140,54.902,0.1,0.0,0.0,0.0,0.0,0.0,6.588235294117647
33.9,7,0,140,54.902,0.1,0.0,0.0,0.0,0.0,0.0,6.588235294117647
34.0,7,1,140,54.902,0.1,0.0,0.0,0.0,0.0,0.0,6.588235294117647
34.1,7,1,140,54.902,0.1,0.0,0.0,0.0,0.0,0.0,6.588235294117647
34.2,7,1,140,54.902,0.1,0.0,0.0,0.0,0.0,0.0,6.588235294117647
34.3,7,1,140,54.902,0.1,0.0,0.0,0.0,0.0,0.0,6.588235294117647
34.4,7,1,140,54.902,0.1,0.0,0.0,0.0,0.0,0.0,6.588235294117647
34.5,7,1,140,54.902,0.1,0.0,0.0,0.0,0.0,0.0,6.588235294117647
34.6,7,1,140,54.902,0.1,0.0,0.0,0.0,0.0,0.0,6.588235294117647
34.7,7,1,140,54.902,0.1,0.0,0.0,0.0,0.0,0.0,6.588235294117647
34.8,7,1,140,54.902,0.1,0.0,0.0,0.0,0.0,0.0,6.588235294117647
34.9,7,1,140,54.902,0.1,0.0,0.0,0.0,0.0,0.0,6.588235294117647
35.0,7,1,140,54.902,0.1,0.0,0.0,0.0,0.0,0.0,6.588235294117647
35.1,7,1,140,54.902,0.1,0.0,0.0,0.0,0.0,0.0,6.588235294117647
35.2,7,1,140,54.902,0.1,0.0,0.0,0.0,0.0,0.0,6.588235294117647
35.3,7,1,140,54.902,0.1,0.0,0.0,0.0,0.0,0.0,6.588235294117647
35.4,7,1,140,54.902,0.1,0.0,0.0,0.0,0.0,0.0,6.588235294117647
35.5,7,1,140,54.902,0.1,0.0,0.0,0.0,0.0,0.0,6.588235294117647
35.6,7,1,140,54.902,0.1,0.0,0.0,0.0,0.0,0.0,6.588235294117647
35.7,7,1,140,54.902,0.1,0.0,0.0,0.0,0.0,0.0,6.588235294117647
35.8,7,1,140,54.902,0.1,0.0,0.0,0.0,0.0,0.0,6.588235294117647
35.9,7,1,140,54.902,0.1,0.0,0.0,0.0,0.0,0.0,6.588235294117647
36.0,8,0,160,62.745,0.1,0.0,0.0,0.0,0.0,0.0,7.529411764705882
36.1,8,0,160,62.745,0.1,-17.0,2.96706,0.741765,7.0833,-17.0,7.529411764705882
36.2,8,0,160,62.745,0.1,-25.0,4.363323,1.647154,15.7292,-42.0,7.529411764705882
36.3,8,0,160,62.745,0.1,-26.0,4.537856,2.36983,22.6302,-68.0,7.529411764705882
36.4,8,0,160,62.745,0.1,-25.0,4.363323,2.868203,27.3893,-93.0,7.529411764705882
36.5,8,0,160,62.745,0.1,-26.0,4.537856,3.285616,31.3753,-119.0,7.529411764705882
36.6,8,0,160,62.745,0.1,-26.0,4.537856,3.598676,34.3648,-145.0,7.529411764705882
36.7,8,0,160,62.745,0.1,-25.0,4.363323,3.789838,36.1903,-170.0,7.529411764705882
36.8,8,0,160,62.745,0.1,-26.0,4.537856,3.976843,37.9761,-196.0,7.529411764705882
36.9,8,0,160,62.745,0.1,-26.0,4.537856,4.117096,39.3154,-222.0,7.529411764705882
37.0,8,0,160,62.745,0.1,-26.0,4.537856,4.222286,40.3199,-248.0,7.529411764705882
37.1,8,0,160,62.745,0.1,-26.0,4.537856,4.301179,41.0732,-274.0,7.529411764705882
37.2,8,0,160,62.745,0.1,-26.0,4.537856,4.360348,41.6383,-300.0,7.529411764705882
37.3,8,0,160,62.745,0.1,-26.0,4.537856,4.404725,42.062,-326.0,7.529411764705882
37.4,8,0,160,62.745,0.1,-26.0,4.537856,4.438008,42.3799,-352.0,7.529411764705882
37.5,8,0,160,62.745,0.1,-26.0,4.537856,4.46297,42.6182,-378.0,7.529411764705882
37.6,8,0,160,62.745,0.1,-26.0,4.537856,4.481691,42.797,-404.0,7.529411764705882
37.7,8,0,160,62.745,0.1,-26.0,4.537856,4.495732,42.9311,-430.0,7.529411764705882
37.8,8,0,160,62.745,0.1,-26.0,4.537856,4.506263,43.0316,-456.0,7.529411764705882
37.9,8,0,160,62.745,0.1,-26.0,4.537856,4.514161,43.1071,-482.0,7.529411764705882
38.0,8,0,160,62.745,0.1,-26.0,4.537856,4.520085,43.1636,-508.0,7.529411764705882
38.1,8,0,160,62.745,0.1,-27.0,4.712389,4.568161,43.6227,-535.0,7.529411764705882
38.2,8,0,160,62.745,0.1,-26.0,4.537856,4.560585,43.5504,-561.0,7.529411764705882
38.3,8,0,160,62.745,0.1,-26.0,4.537856,4.554903,43.4961,-587.0,7.529411764705882
38.4,8,0,160,62.745,0.1,-26.0,4.537856,4.550641,43.4554,-613.0,7.529411764705882
38.5,8,1,160,62.745,0.1,-27.0,4.712389,4.591078,43.8416,-640.0,7.529411764705882
38.6,8,1,160,62.745,0.1,-26.0,4.537856,4.577772,43.7145,-666.0,7.529411764705882
38.7,8,1,160,62.745,0.1,-26.0,4.537856,4.567793,43.6192,-692.0,7.529411764705882
38.8,8,1,160,62.745,0.1,-26.0,4.537856,4.560308,43.5477,-718.0,7.529411764705882
38.9,8,1,160,62.745,0.1,-26.0,4.537856,4.554695,43.4941,-744.0,7.529411764705882
39.0,8,1,160,62.745,0.1,-26.0,4.537856,4.550486,43.4539,-770.0,7.529411764705882
39.1,8,1,160,62.745,0.1,-27.0,4.712389,4.590961,43.8405,-797.0,7.529411764705882
39.2,8,1,160,62.745,0.1,-26.0,4.537856,4.577685,43.7137,-823.0,7.529411764705882
39.3,8,1,160,62.745,0.1,-26.0,4.537856,4.567728,43.6186,-849.0,7.529411764705882
39.4,8,1,160,62.745,0.1,-27.0,4.712389,4.603893,43.9639,-876.0,7.529411764705882
39.5,8,1,160,62.745,0.1,-26.0,4.537856,4.587384,43.8063,-902.0,7.529411764705882
39.6,8,1,160,62.745,0.1,-26.0,4.537856,4.575002,43.6881,-928.0,7.529411764705882
39.7,8,1,160,62.745,0.1,-26.0,4.537856,4.565716,43.5994,-954.0,7.529411764705882
39.8,8,1,160,62.745,0.1,-27.0,4.712389,4.602384,43.9495,-981.0,7.529411764705882
39.9,8,1,160,62.745,0.1,-26.0,4.537856,4.586252,43.7955,-1007.0,7.529411764705882
40.0,8,1,160,62.745,0.1,-27.0,4.712389,4.617786,44.0966,-1034.0,7.529411764705882
40.1,8,1,160,62.745,0.1,-26.0,4.537856,4.597804,43.9058,-1060.0,7.529411764705882
40.2,8,1,160,62.745,0.1,-26.0,4.537856,4.582817,43.7627,-1086.0,7.529411764705882
40.3,8,1,160,62.745,0.1,-26.0,4.537856,4.571577,43.6553,-1112.0,7.529411764705882
40.4,8,1,160,62.745,0.1,-27.0,4.712389,4.60678,43.9915,-1139.0,7.529411764705882
40.5,9,0,180,70.588,0.1,-26.0,4.537856,4.589549,43.827,-1165.0,8.470588235294118
40.6,9,0,180,70.588,0.1,-40.0,6.981317,5.187491,49.5369,-1205.0,8.470588235294118
40.7,9,0,180,70.588,0.1,-47.0,8.203048,5.941381,56.736,-1252.0,8.470588235294118
40.8,9,0,180,70.588,0.1,-47.0,8.203048,6.506798,62.1353,-1299.0,8.470588235294118
40.9,9,0,180,70.588,0.1,-47.0,8.203048,6.930861,66.1848,-1346.0,8.470588235294118
41.0,9,0,180,70.588,0.1,-47.0,8.203048,7.248907,69.222,-1393.0,8.470588235294118
41.1,9,0,180,70.588,0.1,-47.0,8.203048,7.487442,71.4998,-1440.0,8.470588235294118
41.2,9,0,180,70.588,0.1,-48.0,8.377581,7.709977,73.6249,-1488.0,8.470588235294118
41.3,9,0,180,70.588,0.1,-47.0,8.203048,7.833244,74.802,-1535.0,8.470588235294118
41.4,9,0,180,70.588,0.1,-47.0,8.203048,7.925695,75.6848,-1582.0,8.470588235294118
41.5,9,0,180,70.588,0.1,-47.0,8.203048,7.995033,76.3469,-1629.0,8.470588235294118
41.6,9,0,180,70.588,0.1,-48.0,8.377581,8.09067,77.2602,-1677.0,8.470588235294118
41.7,9,0,180,70.588,0.1,-47.0,8.203048,8.118764,77.5285,-1724.0,8.470588235294118
41.8,9,0,180,70.588,0.1,-47.0,8.203048,8.139835,77.7297,-1771.0,8.470588235294118
41.9,9,0,180,70.588,0.1,-48.0,8.377581,8.199272,78.2973,-1819.0,8.470588235294118
42.0,9,0,180,70.588,0.1,-47.0,8.203048,8.200216,78.3063,-1866.0,8.470588235294118
42.1,9,0,180,70.588,0.1,-48.0,8.377581,8.244557,78.7297,-1914.0,8.470588235294118
42.2,9,0,180,70.588,0.1,-47.0,8.203048,8.23418,78.6306,-1961.0,8.470588235294118
42.3,9,0,180,70.588,0.1,-47.0,8.203048,8.226398,78.5563,-2008.0,8.470588235294118
42.4,9,0,180,70.588,0.1,-48.0,8.377581,8.264193,78.9172,-2056.0,8.470588235294118
42.5,9,0,180,70.588,0.1,-48.0,8.377581,8.29254,79.1879,-2104.0,8.470588235294118
42.6,9,0,180,70.588,0.1,-47.0,8.203048,8.270166,78.9743,-2151.0,8.470588235294118
42.7,9,0,180,70.588,0.1,-47.0,8.203048,8.253386,78.814,-2198.0,8.470588235294118
42.8,9,0,180,70.588,0.1,-48.0,8.377581,8.284435,79.1105,-2246.0,8.470588235294118
42.9,9,0,180,70.588,0.1,-47.0,8.203048,8.264089,78.9162,-2293.0,8.470588235294118
43.0,9,1,180,70.588,0.1,-47.0,8.203048,8.248829,78.7705,-2340.0,8.470588235294118
43.1,9,1,180,70.588,0.1,-48.0,8.377581,8.281017,79.0779,-2388.0,8.470588235294118
43.2,9,1,180,70.588,0.1,-47.0,8.203048,8.261525,78.8918,-2435.0,8.470588235294118
43.3,9,1,180,70.588,0.1,-48.0,8.377581,8.290539,79.1688,-2483.0,8.470588235294118
43.4,9,1,180,70.588,0.1,-47.0,8.203048,8.268666,78.9599,-2530.0,8.470588235294118
43.5,9,1,180,70.588,0.1,-48.0,8.377581,8.295895,79.22,-2578.0,8.470588235294118
43.6,9,1,180,70.588,0.1,-47.0,8.203048,8.272683,78.9983,-2625.0,8.470588235294118
43.7,9,1,180,70.588,0.1,-48.0,8.377581,8.298908,79.2487,-2673.0,8.470588235294118
43.8,9,1,180,70.588,0.1,-47.0,8.203048,8.274943,79.0199,-2720.0,8.470588235294118
43.9,9,1,180,70.588,0.1,-48.0,8.377581,8.300602,79.2649,-2768.0,8.470588235294118
44.0,9,1,180,70.588,0.1,-47.0,8.203048,8.276214,79.032,-2815.0,8.470588235294118
44.1,9,1,180,70.588,0.1,-48.0,8.377581,8.301556,79.274,-2863.0,8.470588235294118
44.2,9,1,180,70.588,0.1,-47.0,8.203048,8.276929,79.0388,-2910.0,8.470588235294118
44.3,9,1,180,70.588,0.1,-48.0,8.377581,8.302092,79.2791,-2958.0,8.470588235294118
44.4,9,1,180,70.588,0.1,-47.0,8.203048,8.27733,79.0427,-3005.0,8.470588235294118
44.5,9,1,180,70.588,0.1,-48.0,8.377581,8.302393,79.282,-3053.0,8.470588235294118
44.6,9,1,180,70.588,0.1,-47.0,8.203048,8.277556,79.0448,-3100.0,8.470588235294118
44.7,9,1,180,70.588,0.1,-48.0,8.377581,8.302563,79.2836,-3148.0,8.470588235294118
44.8,9,1,180,70.588,0.1,-47.0,8.203048,8.277684,79.0461,-3195.0,8.470588235294118
44.9,9,1,180,70.588,0.1,-47.0,8.203048,8.259026,78.8679,-3242.0,8.470588235294118
45.0,10,0,200,78.431,0.1,-48.0,8.377581,8.288664,79.1509,-3290.0,9.411764705882353
45.1,10,0,200,78.431,0.1,-62.0,10.821041,8.921759,85.1965,-3352.0,9.411764705882353
45.2,10,0,200,78.431,0.1,-69.0,12.042772,9.702012,92.6474,-3421.0,9.411764705882353
45.3,10,0,200,78.431,0.1,-70.0,12.217305,10.330835,98.6522,-3491.0,9.411764705882353
45.4,10,0,200,78.431,0.1,-71.0,12.391838,10.846087,103.5725,-3562.0,9.411764705882353
45.5,10,0,200,78.431,0.1,-70.0,12.217305,11.188891,106.846,-3632.0,9.411764705882353
45.6,10,0,200,78.431,0.1,-71.0,12.391838,11.489628,109.7179,-3703.0,9.411764705882353
45.7,10,0,200,78.431,0.1,-70.0,12.217305,11.671547,111.4551,-3773.0,9.411764705882353
45.8,10,0,200,78.431,0.1,-71.0,12.391838,11.85162,113.1746,-3844.0,9.411764705882353
45.9,10,0,200,78.431,0.1,-70.0,12.217305,11.943041,114.0476,-3914.0,9.411764705882353
46.0,10,0,200,78.431,0.1,-71.0,12.391838,12.055241,115.1191,-3985.0,9.411764705882353
46.1,10,0,200,78.431,0.1,-71.0,12.391838,12.13939,115.9226,-4056.0,9.411764705882353
46.2,10,0,200,78.431,0.1,-70.0,12.217305,12.158869,116.1086,-4126.0,9.411764705882353
46.3,10,0,200,78.431,0.1,-71.0,12.391838,12.217112,116.6648,-4197.0,9.411764705882353
46.4,10,0,200,78.431,0.1,-71.0,12.391838,12.260794,117.082,-4268.0,9.411764705882353
46.5,10,0,200,78.431,0.1,-70.0,12.217305,12.249921,116.9781,-4338.0,9.411764705882353
46.6,10,0,200,78.431,0.1,-71.0,12.391838,12.2854,117.3169,-4409.0,9.411764705882353
46.7,10,0,200,78.431,0.1,-71.0,12.391838,12.31201,117.571,-4480.0,9.411764705882353
46.8,10,0,200,78.431,0.1,-70.0,12.217305,12.288333,117.3449,-4550.0,9.411764705882353
46.9,10,0,200,78.431,0.1,-71.0,12.391838,12.314209,117.592,-4621.0,9.411764705882353
47.0,10,0,200,78.431,0.1,-71.0,12.391838,12.333616,117.7774,-4692.0,9.411764705882353
47.1,10,0,200,78.431,0.1,-71.0,12.391838,12.348171,117.9163,-4763.0,9.411764705882353
47.2,10,0,200,78.431,0.1,-71.0,12.391838,12.359088,118.0206,-4834.0,9.411764705882353
47.3,10,0,200,78.431,0.1,-70.0,12.217305,12.323642,117.6821,-4904.0,9.411764705882353
47.4,10,0,200,78.431,0.1,-71.0,12.391838,12.340691,117.8449,-4975.0,9.411764705882353
47.5,10,1,200,78.431,0.1,-71.0,12.391838,12.353477,117.967,-5046.0,9.411764705882353
47.6,10,1,200,78.431,0.1,-71.0,12.391838,12.363068,118.0586,-5117.0,9.411764705882353
47.7,10,1,200,78.431,0.1,-71.0,12.391838,12.37026,118.1273,-5188.0,9.411764705882353
47.8,10,1,200,78.431,0.1,-70.0,12.217305,12.332021,117.7621,-5258.0,9.411764705882353
47.9,10,1,200,78.431,0.1,-71.0,12.391838,12.346975,117.9049,-5329.0,9.411764705882353
48.0,10,1,200,78.431,0.1,-71.0,12.391838,12.358191,118.012,-5400.0,9.411764705882353
48.1,10,1,200,78.431,0.1,-71.0,12.391838,12.366602,118.0923,-5471.0,9.411764705882353
48.2,10,1,200,78.431,0.1,-71.0,12.391838,12.372911,118.1526,-5542.0,9.411764705882353
48.3,10,1,200,78.431,0.1,-71.0,12.391838,12.377644,118.1978,-5613.0,9.411764705882353
48.4,10,1,200,78.431,0.1,-71.0,12.391838,12.381192,118.2317,-5684.0,9.411764705882353
48.5,10,1,200,78.431,0.1,-70.0,12.217305,12.34022,117.8404,-5754.0,9.411764705882353
48.6,10,1,200,78.431,0.1,-71.0,12.391838,12.353125,117.9637,-5825.0,9.411764705882353
48.7,10,1,200,78.431,0.1,-71.0,12.391838,12.362803,118.0561,-5896.0,9.411764705882353
48.8,10,1,200,78.431,0.1,-70.0,12.217305,12.326428,117.7087,-5966.0,9.411764705882353
48.9,10,1,200,78.431,0.1,-71.0,12.391838,12.342781,117.8649,-6037.0,9.411764705882353
49.0,10,1,200,78.431,0.1,-71.0,12.391838,12.355045,117.982,-6108.0,9.411764705882353
49.1,10,1,200,78.431,0.1,-71.0,12.391838,12.364244,118.0698,-6179.0,9.411764705882353
49.2,10,1,200,78.431,0.1,-71.0,12.391838,12.371142,118.1357,-6250.0,9.411764705882353
49.3,10,1,200,78.431,0.1,-70.0,12.217305,12.332683,117.7684,-6320.0,9.411764705882353
49.4,10,1,200,78.431,0.1,-72.0,12.566371,12.391105,118.3263,-6392.0,9.411764705882353
49.5,11,0,220,86.275,0.1,-70.0,12.217305,12.347654,117.9114,-6462.0,10.352941176470589
49.6,11,0,220,86.275,0.1,-86.0,15.009831,13.013198,124.2669,-6548.0,10.352941176470589
49.7,11,0,220,86.275,0.1,-92.0,16.05703,13.774156,131.5335,-6640.0,10.352941176470589
49.8,11,0,220,86.275,0.1,-95.0,16.580627,14.475774,138.2335,-6735.0,10.352941176470589
49.9,11,0,220,86.275,0.1,-94.0,16.406096,14.958355,142.8418,-6829.0,10.352941176470589
50.0,11,0,220,86.275,0.1,-95.0,16.580627,15.363923,146.7147,-6924.0,10.352941176470589
50.1,11,0,220,86.275,0.1,-94.0,16.406096,15.624466,149.2027,-7018.0,10.352941176470589
50.2,11,0,220,86.275,0.1,-94.0,16.406096,15.819874,151.0687,-7112.0,10.352941176470589
50.3,11,0,220,86.275,0.1,-95.0,16.580627,16.010063,152.8848,-7207.0,10.352941176470589
50.4,11,0,220,86.275,0.1,-95.0,16.580627,16.152704,154.247,-7302.0,10.352941176470589
50.5,11,0,220,86.275,0.1,-94.0,16.406096,16.216053,154.8519,-7396.0,10.352941176470589
50.6,11,0,220,86.275,0.1,-95.0,16.580627,16.307198,155.7223,-7491.0,10.352941176470589
50.7,11,0,220,86.275,0.1,-94.0,16.406096,16.331923,155.9584,-7585.0,10.352941176470589
50.8,11,0,220,86.275,0.1,-95.0,16.580627,16.394098,156.5521,-7680.0,10.352941176470589
50.9,11,0,220,86.275,0.1,-95.0,16.580627,16.440731,156.9974,-7775.0,10.352941176470589
51.0,11,0,220,86.275,0.1,-94.0,16.406096,16.432072,156.9147,-7869.0,10.352941176470589
51.1,11,0,220,86.275,0.1,-95.0,16.580627,16.469212,157.2694,-7964.0,10.352941176470589
51.2,11,0,220,86.275,0.1,-95.0,16.580627,16.497066,157.5354,-8059.0,10.352941176470589
51.3,11,0,220,86.275,0.1,-95.0,16.580627,16.517956,157.7349,-8154.0,10.352941176470589
51.4,11,0,220,86.275,0.1,-94.0,16.406096,16.48999,157.4678,-8248.0,10.352941176470589
51.5,11,0,220,86.275,0.1,-95.0,16.580627,16.51265,157.6842,-8343.0,10.352941176470589
51.6,11,0,220,86.275,0.1,-95.0,16.580627,16.529644,157.8465,-8438.0,10.352941176470589
51.7,11,0,220,86.275,0.1,-94.0,16.406096,16.498756,157.5515,-8532.0,10.352941176470589
51.8,11,0,220,86.275,0.1,-95.0,16.580627,16.519224,157.747,-8627.0,10.352941176470589
51.9,11,0,220,86.275,0.1,-95.0,16.580627,16.534575,157.8936,-8722.0,10.352941176470589
52.0,11,1,220,86.275,0.1,-94.0,16.406096,16.502455,157.5868,-8816.0,10.352941176470589
52.1,11,1,220,86.275,0.1,-95.0,16.580627,16.521997,157.7735,-8911.0,10.352941176470589
52.2,11,1,220,86.275,0.1,-95.0,16.580627,16.536655,157.9134,-9006.0,10.352941176470589
52.3,11,1,220,86.275,0.1,-95.0,16.580627,16.547649,158.0184,-9101.0,10.352941176470589
52.4,11,1,220,86.275,0.1,-95.0,16.580627,16.555893,158.0971,-9196.0,10.352941176470589
52.5,11,1,220,86.275,0.1,-94.0,16.406096,16.518444,157.7395,-9290.0,10.352941176470589
52.6,11,1,220,86.275,0.1,-95.0,16.580627,16.533989,157.888,-9385.0,10.352941176470589
52.7,11,1,220,86.275,0.1,-95.0,16.580627,16.545649,157.9993,-9480.0,10.352941176470589
52.8,11,1,220,86.275,0.1,-95.0,16.580627,16.554394,158.0828,-9575.0,10.352941176470589
52.9,11,1,220,86.275,0.1,-95.0,16.580627,16.560951,158.1454,-9670.0,10.352941176470589
53.0,11,1,220,86.275,0.1,-94.0,16.406096,16.522238,157.7758,-9764.0,10.352941176470589
53.1,11,1,220,86.275,0.1,-96.0,16.755161,16.580467,158.3318,-9860.0,10.352941176470589
53.2,11,1,220,86.275,0.1,-94.0,16.406096,16.536875,157.9155,-9954.0,10.352941176470589
53.3,11,1,220,86.275,0.1,-95.0,16.580627,16.547813,158.02,-10049.0,10.352941176470589
53.4,11,1,220,86.275,0.1,-95.0,16.580627,16.556017,158.0983,-10144.0,10.352941176470589
53.5,11,1,220,86.275,0.1,-95.0,16.580627,16.56217,158.1571,-10239.0,10.352941176470589
53.6,11,1,220,86.275,0.1,-95.0,16.580627,16.566784,158.2011,-10334.0,10.352941176470589
53.7,11,1,220,86.275,0.1,-95.0,16.580627,16.570244,158.2342,-10429.0,10.352941176470589
53.8,11,1,220,86.275,0.1,-95.0,16.580627,16.57284,158.259,-10524.0,10.352941176470589
53.9,11,1,220,86.275,0.1,-95.0,16.580627,16.574787,158.2776,-10619.0,10.352941176470589
54.0,12,0,240,94.118,0.1,-96.0,16.755161,16.619881,158.7082,-10715.0,11.294117647058824
54.1,12,0,240,94.118,0.1,-106.0,18.50049,17.090033,163.1978,-10821.0,11.294117647058824
54.2,12,0,240,94.118,0.1,-111.0,19.373156,17.660812,168.6483,-10932.0,11.294117647058824
54.3,12,0,240,94.118,0.1,-112.0,19.547688,18.13253,173.1529,-11044.0,11.294117647058824
54.4,12,0,240,94.118,0.1,-111.0,19.373156,18.442686,176.1147,-11155.0,11.294117647058824
54.5,12,0,240,94.118,0.1,-112.0,19.547688,18.718937,178.7527,-11267.0,11.294117647058824
54.6,12,0,240,94.118,0.1,-111.0,19.373156,18.882492,180.3145,-11378.0,11.294117647058824
54.7,12,0,240,94.118,0.1,-112.0,19.547688,19.04879,181.9025,-11490.0,11.294117647058824
54.8,12,0,240,94.118,0.1,-111.0,19.373156,19.129881,182.6769,-11601.0,11.294117647058824
54.9,12,0,240,94.118,0.1,-111.0,19.373156,19.190699,183.2577,-11712.0,11.294117647058824
55.0,12,0,240,94.118,0.1,-112.0,19.547688,19.279945,184.1099,-11824.0,11.294117647058824
55.1,12,0,240,94.118,0.1,-111.0,19.373156,19.303247,184.3324,-11935.0,11.294117647058824
55.2,12,0,240,94.118,0.1,-112.0,19.547688,19.364357,184.916,-12047.0,11.294117647058824
55.3,12,0,240,94.118,0.1,-111.0,19.373156,19.366556,184.937,-12158.0,11.294117647058824
55.4,12,0,240,94.118,0.1,-112.0,19.547688,19.411839,185.3694,-12270.0,11.294117647058824
55.5,12,0,240,94.118,0.1,-111.0,19.373156,19.402168,185.2771,-12381.0,11.294117647058824
55.6,12,0,240,94.118,0.1,-111.0,19.373156,19.394915,185.2078,-12492.0,11.294117647058824
55.7,12,0,240,94.118,0.1,-112.0,19.547688,19.433109,185.5725,-12604.0,11.294117647058824
55.8,12,0,240,94.118,0.1,-112.0,19.547688,19.461754,185.8461,-12716.0,11.294117647058824
55.9,12,0,240,94.118,0.1,-111.0,19.373156,19.439604,185.6345,-12827.0,11.294117647058824
56.0,12,0,240,94.118,0.1,-111.0,19.373156,19.422991,185.4759,-12938.0,11.294117647058824
56.1,12,0,240,94.118,0.1,-112.0,19.547688,19.454166,185.7736,-13050.0,11.294117647058824
56.2,12,0,240,94.118,0.1,-111.0,19.373156,19.433914,185.5802,-13161.0,11.294117647058824
56.3,12,0,240,94.118,0.1,-111.0,19.373156,19.418724,185.4352,-13272.0,11.294117647058824
56.4,12,0,240,94.118,0.1,-112.0,19.547688,19.450966,185.743,-13384.0,11.294117647058824
56.5,12,1,240,94.118,0.1,-111.0,19.373156,19.431513,185.5573,-13495.0,11.294117647058824
56.6,12,1,240,94.118,0.1,-111.0,19.373156,19.416924,185.418,-13606.0,11.294117647058824
56.7,12,1,240,94.118,0.1,-112.0,19.547688,19.449615,185.7301,-13718.0,11.294117647058824
56.8,12,1,240,94.118,0.1,-111.0,19.373156,19.4305,185.5476,-13829.0,11.294117647058824
56.9,12,1,240,94.118,0.1,-112.0,19.547688,19.459797,185.8274,-13941.0,11.294117647058824
57.0,12,1,240,94.118,0.1,-111.0,19.373156,19.438137,185.6205,-14052.0,11.294117647058824
57.1,12,1,240,94.118,0.1,-112.0,19.547688,19.465525,185.8821,-14164.0,11.294117647058824
57.2,12,1,240,94.118,0.1,-111.0,19.373156,19.442432,185.6615,-14275.0,11.294117647058824
57.3,12,1,240,94.118,0.1,-112.0,19.547688,19.468746,185.9128,-14387.0,11.294117647058824
57.4,12,1,240,94.118,0.1,-111.0,19.373156,19.444849,185.6846,-14498.0,11.294117647058824
57.5,12,1,240,94.118,0.1,-112.0,19.547688,19.470558,185.9301,-14610.0,11.294117647058824
57.6,12,1,240,94.118,0.1,-111.0,19.373156,19.446207,185.6976,-14721.0,11.294117647058824
57.7,12,1,240,94.118,0.1,-111.0,19.373156,19.427944,185.5232,-14832.0,11.294117647058824
57.8,12,1,240,94.118,0.1,-112.0,19.547688,19.45788,185.8091,-14944.0,11.294117647058824
57.9,12,1,240,94.118,0.1,-112.0,19.547688,19.480331,186.0235,-15056.0,11.294117647058824
58.0,12,1,240,94.118,0.1,-111.0,19.373156,19.453537,185.7676,-15167.0,11.294117647058824
58.1,12,1,240,94.118,0.1,-111.0,19.373156,19.433441,185.5757,-15278.0,11.294117647058824
58.2,12,1,240,94.118,0.1,-112.0,19.547688,19.462002,185.8484,-15390.0,11.294117647058824
58.3,12,1,240,94.118,0.1,-111.0,19.373156,19.439791,185.6363,-15501.0,11.294117647058824
58.4,12,1,240,94.118,0.1,-111.0,19.373156,19.423132,185.4773,-15612.0,11.294117647058824
58.5,13,0,255,100.0,0.1,-112.0,19.547688,19.454269,185.7746,-15724.0,12.0
58.6,13,0,255,100.0,0.1,-113.0,19.722221,19.521257,186.4143,-15837.0,12.0
58.7,13,0,255,100.0,0.1,-115.0,20.071287,19.658766,187.7274,-15952.0,12.0
58.8,13,0,255,100.0,0.1,-114.0,19.896753,19.718262,188.2955,-16066.0,12.0
58.9,13,0,255,100.0,0.1,-115.0,20.071287,19.806519,189.1383,-16181.0,12.0
59.0,13,0,255,100.0,0.1,-114.0,19.896753,19.829077,189.3537,-16295.0,12.0
59.1,13,0,255,100.0,0.1,-115.0,20.071287,19.889629,189.932,-16410.0,12.0
59.2,13,0,255,100.0,0.1,-114.0,19.896753,19.891411,189.949,-16524.0,12.0
59.3,13,0,255,100.0,0.1,-115.0,20.071287,19.93638,190.3784,-16639.0,12.0
59.4,13,0,255,100.0,0.1,-114.0,19.896753,19.926474,190.2838,-16753.0,12.0
59.5,13,0,255,100.0,0.1,-115.0,20.071287,19.962677,190.6295,-16868.0,12.0
59.6,13,0,255,100.0,0.1,-114.0,19.896753,19.946196,190.4721,-16982.0,12.0
59.7,13,0,255,100.0,0.1,-115.0,20.071287,19.977468,190.7708,-17097.0,12.0
59.8,13,0,255,100.0,0.1,-114.0,19.896753,19.957289,190.5781,-17211.0,12.0
59.9,13,0,255,100.0,0.1,-115.0,20.071287,19.985788,190.8502,-17326.0,12.0
60.0,13,0,255,100.0,0.1,-114.0,19.896753,19.96353,190.6377,-17440.0,12.0
60.1,13,0,255,100.0,0.1,-115.0,20.071287,19.990469,190.8949,-17555.0,12.0
60.2,13,0,255,100.0,0.1,-115.0,20.071287,20.010674,191.0879,-17670.0,12.0
60.3,13,0,255,100.0,0.1,-114.0,19.896753,19.982193,190.8159,-17784.0,12.0
60.4,13,0,255,100.0,0.1,-115.0,20.071287,20.004467,191.0286,-17899.0,12.0
60.5,13,0,255,100.0,0.1,-114.0,19.896753,19.977539,190.7714,-18013.0,12.0
60.6,13,0,255,100.0,0.1,-115.0,20.071287,20.000977,190.9953,-18128.0,12.0
60.7,13,0,255,100.0,0.1,-114.0,19.896753,19.97492,190.7464,-18242.0,12.0
60.8,13,0,255,100.0,0.1,-114.0,19.896753,19.955378,190.5598,-18356.0,12.0
60.9,13,0,255,100.0,0.1,-115.0,20.071287,19.984356,190.8365,-18471.0,12.0
61.0,13,1,255,100.0,0.1,-115.0,20.071287,20.006088,191.0441,-18586.0,12.0
61.1,13,1,255,100.0,0.1,-114.0,19.896753,19.978754,190.783,-18700.0,12.0
61.2,13,1,255,100.0,0.1,-115.0,20.071287,20.001888,191.004,-18815.0,12.0
61.3,13,1,255,100.0,0.1,-115.0,20.071287,20.019238,191.1696,-18930.0,12.0
61.4,13,1,255,100.0,0.1,-114.0,19.896753,19.988617,190.8772,-19044.0,12.0
61.5,13,1,255,100.0,0.1,-115.0,20.071287,20.009285,191.0746,-19159.0,12.0
61.6,13,1,255,100.0,0.1,-114.0,19.896753,19.981152,190.8059,-19273.0,12.0
61.7,13,1,255,100.0,0.1,-115.0,20.071287,20.003685,191.0211,-19388.0,12.0
61.8,13,1,255,100.0,0.1,-114.0,19.896753,19.976952,190.7658,-19502.0,12.0
61.9,13,1,255,100.0,0.1,-115.0,20.071287,20.000536,190.991,-19617.0,12.0
62.0,13,1,255,100.0,0.1,-114.0,19.896753,19.97459,190.7433,-19731.0,12.0
62.1,13,1,255,100.0,0.1,-115.0,20.071287,19.998764,190.9741,-19846.0,12.0
62.2,13,1,255,100.0,0.1,-114.0,19.896753,19.973261,190.7306,-19960.0,12.0
62.3,13,1,255,100.0,0.1,-115.0,20.071287,19.997768,190.9646,-20075.0,12.0
62.4,13,1,255,100.0,0.1,-115.0,20.071287,20.016148,191.1401,-20190.0,12.0
62.5,13,1,255,100.0,0.1,-114.0,19.896753,19.9863,190.8551,-20304.0,12.0
62.6,13,1,255,100.0,0.1,-115.0,20.071287,20.007547,191.058,-20419.0,12.0
62.7,13,1,255,100.0,0.1,-114.0,19.896753,19.979849,190.7935,-20533.0,12.0
62.8,13,1,255,100.0,0.1,-115.0,20.071287,20.002708,191.0118,-20648.0,12.0
62.9,13,1,255,100.0,0.1,-114.0,19.896753,19.976219,190.7588,-20762.0,12.0
63.0,14,0,240,94.118,0.1,-115.0,20.071287,19.999987,190.9858,-20877.0,11.294117647058824
63.1,14,0,240,94.118,0.1,-113.0,19.722221,19.930546,190.3227,-20990.0,11.294117647058824
63.2,14,0,240,94.118,0.1,-111.0,19.373156,19.791199,188.992,-21101.0,11.294117647058824
63.3,14,0,240,94.118,0.1,-111.0,19.373156,19.686687,187.994,-21212.0,11.294117647058824
63.4,14,0,240,94.118,0.1,-112.0,19.547688,19.651937,187.6622,-21324.0,11.294117647058824
63.5,14,0,240,94.118,0.1,-112.0,19.547688,19.625874,187.4133,-21436.0,11.294117647058824
63.6,14,0,240,94.118,0.1,-111.0,19.373156,19.562695,186.81,-21547.0,11.294117647058824
63.7,14,0,240,94.118,0.1,-111.0,19.373156,19.51531,186.3575,-21658.0,11.294117647058824
63.8,14,0,240,94.118,0.1,-112.0,19.547688,19.523403,186.4348,-21770.0,11.294117647058824
63.9,14,0,240,94.118,0.1,-112.0,19.547688,19.529474,186.4927,-21882.0,11.294117647058824
64.0,14,0,240,94.118,0.1,-111.0,19.373156,19.490395,186.1196,-21993.0,11.294117647058824
64.1,14,0,240,94.118,0.1,-112.0,19.547688,19.504719,186.2563,-22105.0,11.294117647058824
64.2,14,0,240,94.118,0.1,-111.0,19.373156,19.471828,185.9423,-22216.0,11.294117647058824
64.3,14,0,240,94.118,0.1,-112.0,19.547688,19.490793,186.1234,-22328.0,11.294117647058824
64.4,14,0,240,94.118,0.1,-112.0,19.547688,19.505016,186.2592,-22440.0,11.294117647058824
64.5,14,0,240,94.118,0.1,-111.0,19.373156,19.472052,185.9444,-22551.0,11.294117647058824
64.6,14,0,240,94.118,0.1,-111.0,19.373156,19.447327,185.7083,-22662.0,11.294117647058824
64.7,14,0,240,94.118,0.1,-112.0,19.547688,19.472416,185.9479,-22774.0,11.294117647058824
64.8,14,0,240,94.118,0.1,-112.0,19.547688,19.491234,186.1276,-22886.0,11.294117647058824
64.9,14,0,240,94.118,0.1,-111.0,19.373156,19.461714,185.8457,-22997.0,11.294117647058824
65.0,14,0,240,94.118,0.1,-112.0,19.547688,19.483208,186.0509,-23109.0,11.294117647058824
65.1,14,0,240,94.118,0.1,-111.0,19.373156,19.455694,185.7882,-23220.0,11.294117647058824
65.2,14,0,240,94.118,0.1,-112.0,19.547688,19.478691,186.0078,-23332.0,11.294117647058824
65.3,14,0,240,94.118,0.1,-112.0,19.547688,19.495941,186.1725,-23444.0,11.294117647058824
65.4,14,0,240,94.118,0.1,-111.0,19.373156,19.465244,185.8794,-23555.0,11.294117647058824
65.5,14,1,240,94.118,0.1,-112.0,19.547688,19.485855,186.0762,-23667.0,11.294117647058824
65.6,14,1,240,94.118,0.1,-111.0,19.373156,19.45768,185.8072,-23778.0,11.294117647058824
65.7,14,1,240,94.118,0.1,-112.0,19.547688,19.480183,186.022,-23890.0,11.294117647058824
65.8,14,1,240,94.118,0.1,-111.0,19.373156,19.453426,185.7665,-24001.0,11.294117647058824
65.9,14,1,240,94.118,0.1,-112.0,19.547688,19.476992,185.9916,-24113.0,11.294117647058824
66.0,14,1,240,94.118,0.1,-111.0,19.373156,19.451033,185.7437,-24224.0,11.294117647058824
66.1,14,1,240,94.118,0.1,-112.0,19.547688,19.475197,185.9744,-24336.0,11.294117647058824
66.2,14,1,240,94.118,0.1,-112.0,19.547688,19.49332,186.1475,-24448.0,11.294117647058824
66.3,14,1,240,94.118,0.1,-111.0,19.373156,19.46328,185.8606,-24559.0,11.294117647058824
66.4,14,1,240,94.118,0.1,-112.0,19.547688,19.484383,186.0622,-24671.0,11.294117647058824
66.5,14,1,240,94.118,0.1,-111.0,19.373156,19.456575,185.7966,-24782.0,11.294117647058824
66.6,14,1,240,94.118,0.1,-112.0,19.547688,19.479355,186.0141,-24894.0,11.294117647058824
66.7,14,1,240,94.118,0.1,-111.0,19.373156,19.452805,185.7606,-25005.0,11.294117647058824
66.8,14,1,240,94.118,0.1,-112.0,19.547688,19.476524,185.9871,-25117.0,11.294117647058824
66.9,14,1,240,94.118,0.1,-112.0,19.547688,19.494316,186.157,-25229.0,11.294117647058824
67.0,14,1,240,94.118,0.1,-111.0,19.373156,19.464025,185.8678,-25340.0,11.294117647058824
67.1,14,1,240,94.118,0.1,-112.0,19.547688,19.48494,186.0675,-25452.0,11.294117647058824
67.2,14,1,240,94.118,0.1,-111.0,19.373156,19.456993,185.8006,-25563.0,11.294117647058824
67.3,14,1,240,94.118,0.1,-112.0,19.547688,19.479668,186.0171,-25675.0,11.294117647058824
67.4,14,1,240,94.118,0.1,-111.0,19.373156,19.453039,185.7628,-25786.0,11.294117647058824
67.5,15,0,220,86.275,0.1,-112.0,19.547688,19.4767,185.9888,-25898.0,10.352941176470589
67.6,15,0,220,86.275,0.1,-103.0,17.976891,19.101748,182.4083,-26001.0,10.352941176470589
67.7,15,0,220,86.275,0.1,-96.0,16.755161,18.515102,176.8062,-26097.0,10.352941176470589
67.8,15,0,220,86.275,0.1,-95.0,16.580627,18.031483,172.188,-26192.0,10.352941176470589
67.9,15,0,220,86.275,0.1,-95.0,16.580627,17.66877,168.7243,-26287.0,10.352941176470589
68.0,15,0,220,86.275,0.1,-95.0,16.580627,17.396734,166.1266,-26382.0,10.352941176470589
68.1,15,0,220,86.275,0.1,-95.0,16.580627,17.192707,164.1783,-26477.0,10.352941176470589
68.2,15,0,220,86.275,0.1,-95.0,16.580627,17.039688,162.717,-26572.0,10.352941176470589
68.3,15,0,220,86.275,0.1,-95.0,16.580627,16.924923,161.6211,-26667.0,10.352941176470589
68.4,15,0,220,86.275,0.1,-95.0,16.580627,16.838848,160.7992,-26762.0,10.352941176470589
68.5,15,0,220,86.275,0.1,-95.0,16.580627,16.774292,160.1827,-26857.0,10.352941176470589
68.6,15,0,220,86.275,0.1,-95.0,16.580627,16.725876,159.7203,-26952.0,10.352941176470589
68.7,15,0,220,86.275,0.1,-96.0,16.755161,16.733196,159.7903,-27048.0,10.352941176470589
68.8,15,0,220,86.275,0.1,-95.0,16.580627,16.695053,159.426,-27143.0,10.352941176470589
68.9,15,0,220,86.275,0.1,-95.0,16.580627,16.666447,159.1528,-27238.0,10.352941176470589
69.0,15,0,220,86.275,0.1,-96.0,16.755161,16.688625,159.3646,-27334.0,10.352941176470589
69.1,15,0,220,86.275,0.1,-95.0,16.580627,16.661625,159.1068,-27429.0,10.352941176470589
69.2,15,0,220,86.275,0.1,-96.0,16.755161,16.685009,159.3301,-27525.0,10.352941176470589
69.3,15,0,220,86.275,0.1,-95.0,16.580627,16.658913,159.0809,-27620.0,10.352941176470589
69.4,15,0,220,86.275,0.1,-96.0,16.755161,16.682976,159.3107,-27716.0,10.352941176470589
69.5,15,0,220,86.275,0.1,-95.0,16.580627,16.657389,159.0663,-27811.0,10.352941176470589
69.6,15,0,220,86.275,0.1,-95.0,16.580627,16.638199,158.8831,-27906.0,10.352941176470589
69.7,15,0,220,86.275,0.1,-96.0,16.755161,16.667439,159.1623,-28002.0,10.352941176470589
69.8,15,0,220,86.275,0.1,-95.0,16.580627,16.645737,158.9551,-28097.0,10.352941176470589
69.9,15,0,220,86.275,0.1,-95.0,16.580627,16.629459,158.7996,-28192.0,10.352941176470589
70.0,15,1,220,86.275,0.1,-96.0,16.755161,16.660885,159.0997,-28288.0,10.352941176470589
70.1,15,1,220,86.275,0.1,-95.0,16.580627,16.64082,158.9081,-28383.0,10.352941176470589
70.2,15,1,220,86.275,0.1,-95.0,16.580627,16.625771,158.7644,-28478.0,10.352941176470589
70.3,15,1,220,86.275,0.1,-96.0,16.755161,16.658119,159.0733,-28574.0,10.352941176470589
70.4,15,1,220,86.275,0.1,-96.0,16.755161,16.682381,159.305,-28670.0,10.352941176470589
70.5,15,1,220,86.275,0.1,-95.0,16.580627,16.656942,159.0621,-28765.0,10.352941176470589
70.6,15,1,220,86.275,0.1,-95.0,16.580627,16.637863,158.8799,-28860.0,10.352941176470589
70.7,15,1,220,86.275,0.1,-96.0,16.755161,16.667187,159.1599,-28956.0,10.352941176470589
70.8,15,1,220,86.275,0.1,-95.0,16.580627,16.645546,158.9533,-29051.0,10.352941176470589
70.9,15,1,220,86.275,0.1,-96.0,16.755161,16.672951,159.215,-29147.0,10.352941176470589
71.0,15,1,220,86.275,0.1,-95.0,16.580627,16.64987,158.9945,-29242.0,10.352941176470589
71.1,15,1,220,86.275,0.1,-96.0,16.755161,16.676193,159.2459,-29338.0,10.352941176470589
71.2,15,1,220,86.275,0.1,-95.0,16.580627,16.652302,159.0178,-29433.0,10.352941176470589
71.3,15,1,220,86.275,0.1,-95.0,16.580627,16.634384,158.8467,-29528.0,10.352941176470589
71.4,15,1,220,86.275,0.1,-96.0,16.755161,16.664577,159.135,-29624.0,10.352941176470589
71.5,15,1,220,86.275,0.1,-95.0,16.580627,16.643589,158.9346,-29719.0,10.352941176470589
71.6,15,1,220,86.275,0.1,-96.0,16.755161,16.671482,159.2009,-29815.0,10.352941176470589
71.7,15,1,220,86.275,0.1,-95.0,16.580627,16.648769,158.984,-29910.0,10.352941176470589
71.8,15,1,220,86.275,0.1,-95.0,16.580627,16.631733,158.8214,-30005.0,10.352941176470589
71.9,15,1,220,86.275,0.1,-96.0,16.755161,16.66259,159.116,-30101.0,10.352941176470589
72.0,16,0,200,78.431,0.1,-95.0,16.580627,16.642099,158.9203,-30196.0,9.411764705882353
72.1,16,0,200,78.431,0.1,-86.0,15.009831,16.234034,155.0236,-30282.0,9.411764705882353
72.2,16,0,200,78.431,0.1,-75.0,13.08997,15.448018,147.5177,-30357.0,9.411764705882353
72.3,16,0,200,78.431,0.1,-73.0,12.740904,14.77124,141.055,-30430.0,9.411764705882353
72.4,16,0,200,78.431,0.1,-71.0,12.391838,14.17639,135.3745,-30501.0,9.411764705882353
72.5,16,0,200,78.431,0.1,-72.0,12.566371,13.773885,131.5309,-30573.0,9.411764705882353
72.6,16,0,200,78.431,0.1,-71.0,12.391838,13.428373,128.2315,-30644.0,9.411764705882353
72.7,16,0,200,78.431,0.1,-72.0,12.566371,13.212873,126.1736,-30716.0,9.411764705882353
72.8,16,0,200,78.431,0.1,-72.0,12.566371,13.051248,124.6302,-30788.0,9.411764705882353
72.9,16,0,200,78.431,0.1,-72.0,12.566371,12.930029,123.4727,-30860.0,9.411764705882353
73.0,16,0,200,78.431,0.1,-71.0,12.391838,12.795481,122.1878,-30931.0,9.411764705882353
73.1,16,0,200,78.431,0.1,-72.0,12.566371,12.738204,121.6409,-31003.0,9.411764705882353
73.2,16,0,200,78.431,0.1,-71.0,12.391838,12.651612,120.814,-31074.0,9.411764705882353
73.3,16,0,200,78.431,0.1,-72.0,12.566371,12.630302,120.6105,-31146.0,9.411764705882353
73.4,16,0,200,78.431,0.1,-72.0,12.566371,12.61432,120.4579,-31218.0,9.411764705882353
73.5,16,0,200,78.431,0.1,-71.0,12.391838,12.5587,119.9267,-31289.0,9.411764705882353
73.6,16,0,200,78.431,0.1,-72.0,12.566371,12.560617,119.9451,-31361.0,9.411764705882353
73.7,16,0,200,78.431,0.1,-71.0,12.391838,12.518423,119.5421,-31432.0,9.411764705882353
73.8,16,0,200,78.431,0.1,-72.0,12.566371,12.53041,119.6566,-31504.0,9.411764705882353
73.9,16,0,200,78.431,0.1,-72.0,12.566371,12.5394,119.7425,-31576.0,9.411764705882353
74.0,16,0,200,78.431,0.1,-72.0,12.566371,12.546144,119.8068,-31648.0,9.411764705882353
74.1,16,0,200,78.431,0.1,-72.0,12.566371,12.551201,119.8551,-31720.0,9.411764705882353
74.2,16,0,200,78.431,0.1,-71.0,12.391838,12.51136,119.4747,-31791.0,9.411764705882353
74.3,16,0,200,78.431,0.1,-72.0,12.566371,12.525113,119.606,-31863.0,9.411764705882353
74.4,16,0,200,78.431,0.1,-71.0,12.391838,12.491795,119.2879,-31934.0,9.411764705882353
74.5,16,1,200,78.431,0.1,-72.0,12.566371,12.510439,119.4659,-32006.0,9.411764705882353
74.6,16,1,200,78.431,0.1,-71.0,12.391838,12.480789,119.1828,-32077.0,9.411764705882353
74.7,16,1,200,78.431,0.1,-72.0,12.566371,12.502185,119.3871,-32149.0,9.411764705882353
74.8,16,1,200,78.431,0.1,-72.0,12.566371,12.518231,119.5403,-32221.0,9.411764705882353
74.9,16,1,200,78.431,0.1,-71.0,12.391838,12.486633,119.2386,-32292.0,9.411764705882353
75.0,16,1,200,78.431,0.1,-72.0,12.566371,12.506568,119.4289,-32364.0,9.411764705882353
75.1,16,1,200,78.431,0.1,-72.0,12.566371,12.521519,119.5717,-32436.0,9.411764705882353
75.2,16,1,200,78.431,0.1,-72.0,12.566371,12.532732,119.6788,-32508.0,9.411764705882353
75.3,16,1,200,78.431,0.1,-72.0,12.566371,12.541142,119.7591,-32580.0,9.411764705882353
75.4,16,1,200,78.431,0.1,-71.0,12.391838,12.503817,119.4027,-32651.0,9.411764705882353
75.5,16,1,200,78.431,0.1,-72.0,12.566371,12.519456,119.552,-32723.0,9.411764705882353
75.6,16,1,200,78.431,0.1,-71.0,12.391838,12.487552,119.2473,-32794.0,9.411764705882353
75.7,16,1,200,78.431,0.1,-72.0,12.566371,12.507257,119.4355,-32866.0,9.411764705882353
75.8,16,1,200,78.431,0.1,-71.0,12.391838,12.478402,119.16,-32937.0,9.411764705882353
75.9,16,1,200,78.431,0.1,-72.0,12.566371,12.500395,119.37,-33009.0,9.411764705882353
76.0,16,1,200,78.431,0.1,-71.0,12.391838,12.473255,119.1108,-33080.0,9.411764705882353
76.1,16,1,200,78.431,0.1,-72.0,12.566371,12.496534,119.3331,-33152.0,9.411764705882353
76.2,16,1,200,78.431,0.1,-72.0,12.566371,12.513993,119.4998,-33224.0,9.411764705882353
76.3,16,1,200,78.431,0.1,-72.0,12.566371,12.527088,119.6249,-33296.0,9.411764705882353
76.4,16,1,200,78.431,0.1,-71.0,12.391838,12.493276,119.302,-33367.0,9.411764705882353
76.5,17,0,180,70.588,0.1,-72.0,12.566371,12.51155,119.4765,-33439.0,8.470588235294118
76.6,17,0,180,70.588,0.1,-62.0,10.821041,12.088923,115.4407,-33501.0,8.470588235294118
76.7,17,0,180,70.588,0.1,-52.0,9.075712,11.335621,108.2472,-33553.0,8.470588235294118
76.8,17,0,180,70.588,0.1,-49.0,8.552114,10.639744,101.6021,-33602.0,8.470588235294118
76.9,17,0,180,70.588,0.1,-49.0,8.552114,10.117836,96.6182,-33651.0,8.470588235294118
77.0,17,0,180,70.588,0.1,-48.0,8.377581,9.682772,92.4637,-33699.0,8.470588235294118
77.1,17,0,180,70.588,0.1,-49.0,8.552114,9.400107,89.7644,-33748.0,8.470588235294118
77.2,17,0,180,70.588,0.1,-48.0,8.377581,9.144476,87.3233,-33796.0,8.470588235294118
77.3,17,0,180,70.588,0.1,-48.0,8.377581,8.952752,85.4925,-33844.0,8.470588235294118
77.4,17,0,180,70.588,0.1,-48.0,8.377581,8.80896,84.1194,-33892.0,8.470588235294118
77.5,17,0,180,70.588,0.1,-49.0,8.552114,8.744748,83.5062,-33941.0,8.470588235294118
77.6,17,0,180,70.588,0.1,-48.0,8.377581,8.652956,82.6296,-33989.0,8.470588235294118
77.7,17,0,180,70.588,0.1,-49.0,8.552114,8.627746,82.3889,-34038.0,8.470588235294118
77.8,17,0,180,70.588,0.1,-48.0,8.377581,8.565205,81.7917,-34086.0,8.470588235294118
77.9,17,0,180,70.588,0.1,-48.0,8.377581,8.518299,81.3438,-34134.0,8.470588235294118
78.0,17,0,180,70.588,0.1,-49.0,8.552114,8.526752,81.4245,-34183.0,8.470588235294118
78.1,17,0,180,70.588,0.1,-49.0,8.552114,8.533092,81.485,-34232.0,8.470588235294118
78.2,17,0,180,70.588,0.1,-48.0,8.377581,8.494215,81.1138,-34280.0,8.470588235294118
78.3,17,0,180,70.588,0.1,-48.0,8.377581,8.465056,80.8353,-34328.0,8.470588235294118
78.4,17,0,180,70.588,0.1,-49.0,8.552114,8.48682,81.0432,-34377.0,8.470588235294118
78.5,17,0,180,70.588,0.1,-48.0,8.377581,8.459511,80.7824,-34425.0,8.470588235294118
78.6,17,0,180,70.588,0.1,-49.0,8.552114,8.482661,81.0034,-34474.0,8.470588235294118
78.7,17,0,180,70.588,0.1,-48.0,8.377581,8.45639,80.7526,-34522.0,8.470588235294118
78.8,17,0,180,70.588,0.1,-49.0,8.552114,8.480321,80.9811,-34571.0,8.470588235294118
78.9,17,0,180,70.588,0.1,-48.0,8.377581,8.454636,80.7358,-34619.0,8.470588235294118
79.0,17,1,180,70.588,0.1,-49.0,8.552114,8.479005,80.9685,-34668.0,8.470588235294118
79.1,17,1,180,70.588,0.1,-48.0,8.377581,8.45365,80.7264,-34716.0,8.470588235294118
79.2,17,1,180,70.588,0.1,-48.0,8.377581,8.434632,80.5448,-34764.0,8.470588235294118
79.3,17,1,180,70.588,0.1,-48.0,8.377581,8.42037,80.4086,-34812.0,8.470588235294118
79.4,17,1,180,70.588,0.1,-49.0,8.552114,8.453306,80.7231,-34861.0,8.470588235294118
79.5,17,1,180,70.588,0.1,-48.0,8.377581,8.434375,80.5423,-34909.0,8.470588235294118
79.6,17,1,180,70.588,0.1,-49.0,8.552114,8.463809,80.8234,-34958.0,8.470588235294118
79.7,17,1,180,70.588,0.1,-48.0,8.377581,8.442251,80.6176,-35006.0,8.470588235294118
79.8,17,1,180,70.588,0.1,-48.0,8.377581,8.426084,80.4632,-35054.0,8.470588235294118
79.9,17,1,180,70.588,0.1,-48.0,8.377581,8.413958,80.3474,-35102.0,8.470588235294118
80.0,17,1,180,70.588,0.1,-49.0,8.552114,8.448497,80.6772,-35151.0,8.470588235294118
80.1,17,1,180,70.588,0.1,-48.0,8.377581,8.430767,80.5079,-35199.0,8.470588235294118
80.2,17,1,180,70.588,0.1,-49.0,8.552114,8.461103,80.7976,-35248.0,8.470588235294118
80.3,17,1,180,70.588,0.1,-48.0,8.377581,8.440223,80.5982,-35296.0,8.470588235294118
80.4,17,1,180,70.588,0.1,-48.0,8.377581,8.424562,80.4486,-35344.0,8.470588235294118
80.5,17,1,180,70.588,0.1,-48.0,8.377581,8.412817,80.3365,-35392.0,8.470588235294118
80.6,17,1,180,70.588,0.1,-49.0,8.552114,8.447641,80.669,-35441.0,8.470588235294118
80.7,17,1,180,70.588,0.1,-48.0,8.377581,8.430126,80.5018,-35489.0,8.470588235294118
80.8,17,1,180,70.588,0.1,-49.0,8.552114,8.460623,80.793,-35538.0,8.470588235294118
80.9,17,1,180,70.588,0.1,-48.0,8.377581,8.439862,80.5947,-35586.0,8.470588235294118
81.0,18,0,160,62.745,0.1,-48.0,8.377581,8.424292,80.4461,-35634.0,7.529411764705882
81.1,18,0,160,62.745,0.1,-40.0,6.981317,8.063548,77.0012,-35674.0,7.529411764705882
81.2,18,0,160,62.745,0.1,-30.0,5.235988,7.356658,70.2509,-35704.0,7.529411764705882
81.3,18,0,160,62.745,0.1,-28.0,4.886922,6.739223,64.3548,-35732.0,7.529411764705882
81.4,18,0,160,62.745,0.1,-26.0,4.537856,6.188882,59.0995,-35758.0,7.529411764705882
81.5,18,0,160,62.745,0.1,-28.0,4.886922,5.863392,55.9913,-35786.0,7.529411764705882
81.6,18,0,160,62.745,0.1,-26.0,4.537856,5.532008,52.8268,-35812.0,7.529411764705882
81.7,18,0,160,62.745,0.1,-28.0,4.886922,5.370736,51.2868,-35840.0,7.529411764705882
81.8,18,0,160,62.745,0.1,-27.0,4.712389,5.20615,49.7151,-35867.0,7.529411764705882
81.9,18,0,160,62.745,0.1,-27.0,4.712389,5.082709,48.5363,-35894.0,7.529411764705882
82.0,18,0,160,62.745,0.1,-27.0,4.712389,4.990129,47.6522,-35921.0,7.529411764705882
82.1,18,0,160,62.745,0.1,-27.0,4.712389,4.920694,46.9892,-35948.0,7.529411764705882
82.2,18,0,160,62.745,0.1,-28.0,4.886922,4.912251,46.9085,-35976.0,7.529411764705882
82.3,18,0,160,62.745,0.1,-27.0,4.712389,4.862286,46.4314,-36003.0,7.529411764705882
82.4,18,0,160,62.745,0.1,-27.0,4.712389,4.824811,46.0736,-36030.0,7.529411764705882
82.5,18,0,160,62.745,0.1,-27.0,4.712389,4.796706,45.8052,-36057.0,7.529411764705882
82.6,18,0,160,62.745,0.1,-27.0,4.712389,4.775627,45.6039,-36084.0,7.529411764705882
82.7,18,0,160,62.745,0.1,-28.0,4.886922,4.803451,45.8696,-36112.0,7.529411764705882
82.8,18,0,160,62.745,0.1,-27.0,4.712389,4.780685,45.6522,-36139.0,7.529411764705882
82.9,18,0,160,62.745,0.1,-27.0,4.712389,4.763611,45.4891,-36166.0,7.529411764705882
83.0,18,0,160,62.745,0.1,-27.0,4.712389,4.750806,45.3669,-36193.0,7.529411764705882
83.1,18,0,160,62.745,0.1,-27.0,4.712389,4.741201,45.2751,-36220.0,7.529411764705882
83.2,18,0,160,62.745,0.1,-26.0,4.537856,4.690365,44.7897,-36246.0,7.529411764705882
83.3,18,0,160,62.745,0.1,-27.0,4.712389,4.695871,44.8423,-36273.0,7.529411764705882
83.4,18,0,160,62.745,0.1,-27.0,4.712389,4.7,44.8817,-36300.0,7.529411764705882
83.5,18,1,160,62.745,0.1,-27.0,4.712389,4.703097,44.9113,-36327.0,7.529411764705882
83.6,18,1,160,62.745,0.1,-27.0,4.712389,4.70542,44.9335,-36354.0,7.529411764705882
83.7,18,1,160,62.745,0.1,-27.0,4.712389,4.707163,44.9501,-36381.0,7.529411764705882
83.8,18,1,160,62.745,0.1,-27.0,4.712389,4.708469,44.9626,-36408.0,7.529411764705882
83.9,18,1,160,62.745,0.1,-27.0,4.712389,4.709449,44.9719,-36435.0,7.529411764705882
84.0,18,1,160,62.745,0.1,-27.0,4.712389,4.710184,44.9789,-36462.0,7.529411764705882
84.1,18,1,160,62.745,0.1,-28.0,4.886922,4.754369,45.4009,-36490.0,7.529411764705882
84.2,18,1,160,62.745,0.1,-27.0,4.712389,4.743874,45.3007,-36517.0,7.529411764705882
84.3,18,1,160,62.745,0.1,-27.0,4.712389,4.736002,45.2255,-36544.0,7.529411764705882
84.4,18,1,160,62.745,0.1,-27.0,4.712389,4.730099,45.1691,-36571.0,7.529411764705882
84.5,18,1,160,62.745,0.1,-28.0,4.886922,4.769305,45.5435,-36599.0,7.529411764705882
84.6,18,1,160,62.745,0.1,-27.0,4.712389,4.755076,45.4076,-36626.0,7.529411764705882
84.7,18,1,160,62.745,0.1,-27.0,4.712389,4.744405,45.3057,-36653.0,7.529411764705882
84.8,18,1,160,62.745,0.1,-28.0,4.886922,4.780034,45.646,-36681.0,7.529411764705882
84.9,18,1,160,62.745,0.1,-27.0,4.712389,4.763123,45.4845,-36708.0,7.529411764705882
85.0,18,1,160,62.745,0.1,-28.0,4.886922,4.794072,45.78,-36736.0,7.529411764705882
85.1,18,1,160,62.745,0.1,-27.0,4.712389,4.773651,45.585,-36763.0,7.529411764705882
85.2,18,1,160,62.745,0.1,-27.0,4.712389,4.758336,45.4388,-36790.0,7.529411764705882
85.3,18,1,160,62.745,0.1,-28.0,4.886922,4.790483,45.7457,-36818.0,7.529411764705882
85.4,18,1,160,62.745,0.1,-27.0,4.712389,4.770959,45.5593,-36845.0,7.529411764705882
85.5,19,0,140,54.902,0.1,-28.0,4.886922,4.79995,45.8361,-36873.0,6.588235294117647
85.6,19,0,140,54.902,0.1,-21.0,3.665191,4.51626,43.1271,-36894.0,6.588235294117647
85.7,19,0,140,54.902,0.1,-14.0,2.443461,3.99806,38.1787,-36908.0,6.588235294117647
85.8,19,0,140,54.902,0.1,-10.0,1.745329,3.434877,32.8007,-36918.0,6.588235294117647
85.9,19,0,140,54.902,0.1,-9.0,1.570796,2.968857,28.3505,-36927.0,6.588235294117647
86.0,19,0,140,54.902,0.1,-8.0,1.396263,2.575709,24.5962,-36935.0,6.588235294117647
86.1,19,0,140,54.902,0.1,-8.0,1.396263,2.280847,21.7805,-36943.0,6.588235294117647
86.2,19,0,140,54.902,0.1,-9.0,1.570796,2.103334,20.0854,-36952.0,6.588235294117647
86.3,19,0,140,54.902,0.1,-8.0,1.396263,1.926567,18.3974,-36960.0,6.588235294117647
86.4,19,0,140,54.902,0.1,-8.0,1.396263,1.793991,17.1314,-36968.0,6.588235294117647
86.5,19,0,140,54.902,0.1,-9.0,1.570796,1.738192,16.5985,-36977.0,6.588235294117647
86.6,19,0,140,54.902,0.1,-9.0,1.570796,1.696343,16.1989,-36986.0,6.588235294117647
86.7,19,0,140,54.902,0.1,-8.0,1.396263,1.621323,15.4825,-36994.0,6.588235294117647
86.8,19,0,140,54.902,0.1,-9.0,1.570796,1.608692,15.3619,-37003.0,6.588235294117647
86.9,19,0,140,54.902,0.1,-8.0,1.396263,1.555584,14.8547,-37011.0,6.588235294117647
87.0,19,0,140,54.902,0.1,-9.0,1.570796,1.559387,14.8911,-37020.0,6.588235294117647
87.1,19,0,140,54.902,0.1,-9.0,1.570796,1.56224,14.9183,-37029.0,6.588235294117647
87.2,19,0,140,54.902,0.1,-9.0,1.570796,1.564379,14.9387,-37038.0,6.588235294117647
87.3,19,0,140,54.902,0.1,-9.0,1.570796,1.565983,14.954,-37047.0,6.588235294117647
87.4,19,0,140,54.902,0.1,-9.0,1.570796,1.567187,14.9655,-37056.0,6.588235294117647
87.5,19,0,140,54.902,0.1,-9.0,1.570796,1.568089,14.9741,-37065.0,6.588235294117647
87.6,19,0,140,54.902,0.1,-9.0,1.570796,1.568766,14.9806,-37074.0,6.588235294117647
87.7,19,0,140,54.902,0.1,-8.0,1.396263,1.52564,14.5688,-37082.0,6.588235294117647
87.8,19,0,140,54.902,0.1,-9.0,1.570796,1.536929,14.6766,-37091.0,6.588235294117647
87.9,19,0,140,54.902,0.1,-9.0,1.570796,1.545396,14.7574,-37100.0,6.588235294117647
88.0,19,1,140,54.902,0.1,-9.0,1.570796,1.551746,14.8181,-37109.0,6.588235294117647
88.1,19,1,140,54.902,0.1,-9.0,1.570796,1.556509,14.8636,-37118.0,6.588235294117647
88.2,19,1,140,54.902,0.1,-10.0,1.745329,1.603714,15.3143,-37128.0,6.588235294117647
88.3,19,1,140,54.902,0.1,-9.0,1.570796,1.595484,15.2358,-37137.0,6.588235294117647
88.4,19,1,140,54.902,0.1,-9.0,1.570796,1.589312,15.1768,-37146.0,6.588235294117647
88.5,19,1,140,54.902,0.1,-9.0,1.570796,1.584683,15.1326,-37155.0,6.588235294117647
88.6,19,1,140,54.902,0.1,-9.0,1.570796,1.581212,15.0995,-37164.0,6.588235294117647
88.7,19,1,140,54.902,0.1,-9.0,1.570796,1.578608,15.0746,-37173.0,6.588235294117647
88.8,19,1,140,54.902,0.1,-9.0,1.570796,1.576655,15.0559,-37182.0,6.588235294117647
88.9,19,1,140,54.902,0.1,-10.0,1.745329,1.618824,15.4586,-37192.0,6.588235294117647
89.0,19,1,140,54.902,0.1,-8.0,1.396263,1.563184,14.9273,-37200.0,6.588235294117647
89.1,19,1,140,54.902,0.1,-10.0,1.745329,1.60872,15.3621,-37210.0,6.588235294117647
89.2,19,1,140,54.902,0.1,-9.0,1.570796,1.599239,15.2716,-37219.0,6.588235294117647
89.3,19,1,140,54.902,0.1,-9.0,1.570796,1.592128,15.2037,-37228.0,6.588235294117647
89.4,19,1,140,54.902,0.1,-10.0,1.745329,1.630429,15.5694,-37238.0,6.588235294117647
89.5,19,1,140,54.902,0.1,-9.0,1.570796,1.615521,15.4271,-37247.0,6.588235294117647
89.6,19,1,140,54.902,0.1,-9.0,1.570796,1.60434,15.3203,-37256.0,6.588235294117647
89.7,19,1,140,54.902,0.1,-9.0,1.570796,1.595954,15.2402,-37265.0,6.588235294117647
89.8,19,1,140,54.902,0.1,-8.0,1.396263,1.546031,14.7635,-37273.0,6.588235294117647
89.9,19,1,140,54.902,0.1,-9.0,1.570796,1.552223,14.8226,-37282.0,6.588235294117647
90.0,20,0,120,47.059,0.1,-9.0,1.570796,1.556866,14.867,-37291.0,5.647058823529412
90.1,20,0,120,47.059,0.1,-4.0,0.698132,1.342182,12.8169,-37295.0,5.647058823529412
90.2,20,0,120,47.059,0.1,0.0,0.0,1.006637,9.6127,-37295.0,5.647058823529412
90.3,20,0,120,47.059,0.1,0.0,0.0,0.754978,7.2095,-37295.0,5.647058823529412
90.4,20,0,120,47.059,0.1,0.0,0.0,0.566233,5.4071,-37295.0,5.647058823529412
90.5,20,0,120,47.059,0.1,0.0,0.0,0.424675,4.0553,-37295.0,5.647058823529412
90.6,20,0,120,47.059,0.1,0.0,0.0,0.318506,3.0415,-37295.0,5.647058823529412
90.7,20,0,120,47.059,0.1,0.0,0.0,0.23888,2.2811,-37295.0,5.647058823529412
90.8,20,0,120,47.059,0.1,0.0,0.0,0.17916,1.7108,-37295.0,5.647058823529412
90.9,20,0,120,47.059,0.1,0.0,0.0,0.13437,1.2831,-37295.0,5.647058823529412
91.0,20,0,120,47.059,0.1,0.0,0.0,0.100777,0.9624,-37295.0,5.647058823529412
91.1,20,0,120,47.059,0.1,0.0,0.0,0.075583,0.7218,-37295.0,5.647058823529412
91.2,20,0,120,47.059,0.1,0.0,0.0,0.056687,0.5413,-37295.0,5.647058823529412
91.3,20,0,120,47.059,0.1,0.0,0.0,0.042515,0.406,-37295.0,5.647058823529412
91.4,20,0,120,47.059,0.1,0.0,0.0,0.031887,0.3045,-37295.0,5.647058823529412
91.5,20,0,120,47.059,0.1,0.0,0.0,0.023915,0.2284,-37295.0,5.647058823529412
91.6,20,0,120,47.059,0.1,0.0,0.0,0.017936,0.1713,-37295.0,5.647058823529412
91.7,20,0,120,47.059,0.1,0.0,0.0,0.013452,0.1285,-37295.0,5.647058823529412
91.8,20,0,120,47.059,0.1,0.0,0.0,0.010089,0.0963,-37295.0,5.647058823529412
91.9,20,0,120,47.059,0.1,0.0,0.0,0.007567,0.0723,-37295.0,5.647058823529412
92.0,20,0,120,47.059,0.1,0.0,0.0,0.005675,0.0542,-37295.0,5.647058823529412
92.1,20,0,120,47.059,0.1,0.0,0.0,0.004256,0.0406,-37295.0,5.647058823529412
92.2,20,0,120,47.059,0.1,0.0,0.0,0.003192,0.0305,-37295.0,5.647058823529412
92.3,20,0,120,47.059,0.1,0.0,0.0,0.002394,0.0229,-37295.0,5.647058823529412
92.4,20,0,120,47.059,0.1,0.0,0.0,0.001796,0.0171,-37295.0,5.647058823529412
92.5,20,1,120,47.059,0.1,0.0,0.0,0.001347,0.0129,-37295.0,5.647058823529412
92.6,20,1,120,47.059,0.1,0.0,0.0,0.00101,0.0096,-37295.0,5.647058823529412
92.7,20,1,120,47.059,0.1,0.0,0.0,0.000758,0.0072,-37295.0,5.647058823529412
92.8,20,1,120,47.059,0.1,0.0,0.0,0.000568,0.0054,-37295.0,5.647058823529412
92.9,20,1,120,47.059,0.1,0.0,0.0,0.000426,0.0041,-37295.0,5.647058823529412
93.0,20,1,120,47.059,0.1,0.0,0.0,0.00032,0.0031,-37295.0,5.647058823529412
93.1,20,1,120,47.059,0.1,0.0,0.0,0.00024,0.0023,-37295.0,5.647058823529412
93.2,20,1,120,47.059,0.1,0.0,0.0,0.00018,0.0017,-37295.0,5.647058823529412
93.3,20,1,120,47.059,0.1,0.0,0.0,0.000135,0.0013,-37295.0,5.647058823529412
93.4,20,1,120,47.059,0.1,0.0,0.0,0.000101,0.001,-37295.0,5.647058823529412
93.5,20,1,120,47.059,0.1,0.0,0.0,7.6e-05,0.0007,-37295.0,5.647058823529412
93.6,20,1,120,47.059,0.1,0.0,0.0,5.7e-05,0.0005,-37295.0,5.647058823529412
93.7,20,1,120,47.059,0.1,0.0,0.0,4.3e-05,0.0004,-37295.0,5.647058823529412
93.8,20,1,120,47.059,0.1,0.0,0.0,3.2e-05,0.0003,-37295.0,5.647058823529412
93.9,20,1,120,47.059,0.1,0.0,0.0,2.4e-05,0.0002,-37295.0,5.647058823529412
94.0,20,1,120,47.059,0.1,0.0,0.0,1.8e-05,0.0002,-37295.0,5.647058823529412
94.1,20,1,120,47.059,0.1,0.0,0.0,1.3e-05,0.0001,-37295.0,5.647058823529412
94.2,20,1,120,47.059,0.1,0.0,0.0,1e-05,0.0001,-37295.0,5.647058823529412
94.3,20,1,120,47.059,0.1,0.0,0.0,8e-06,0.0001,-37295.0,5.647058823529412
94.4,20,1,120,47.059,0.1,0.0,0.0,6e-06,0.0001,-37295.0,5.647058823529412
94.5,21,0,100,39.216,0.1,0.0,0.0,4e-06,0.0,-37295.0,4.705882352941177
94.6,21,0,100,39.216,0.1,0.0,0.0,3e-06,0.0,-37295.0,4.705882352941177
94.7,21,0,100,39.216,0.1,0.0,0.0,2e-06,0.0,-37295.0,4.705882352941177
94.8,21,0,100,39.216,0.1,0.0,0.0,2e-06,0.0,-37295.0,4.705882352941177
94.9,21,0,100,39.216,0.1,0.0,0.0,1e-06,0.0,-37295.0,4.705882352941177
95.0,21,0,100,39.216,0.1,0.0,0.0,1e-06,0.0,-37295.0,4.705882352941177
95.1,21,0,100,39.216,0.1,0.0,0.0,1e-06,0.0,-37295.0,4.705882352941177
95.2,21,0,100,39.216,0.1,0.0,0.0,1e-06,0.0,-37295.0,4.705882352941177
95.3,21,0,100,39.216,0.1,0.0,0.0,0.0,0.0,-37295.0,4.705882352941177
95.4,21,0,100,39.216,0.1,0.0,0.0,0.0,0.0,-37295.0,4.705882352941177
95.5,21,0,100,39.216,0.1,0.0,0.0,0.0,0.0,-37295.0,4.705882352941177
95.6,21,0,100,39.216,0.1,0.0,0.0,0.0,0.0,-37295.0,4.705882352941177
95.7,21,0,100,39.216,0.1,0.0,0.0,0.0,0.0,-37295.0,4.705882352941177
95.8,21,0,100,39.216,0.1,0.0,0.0,0.0,0.0,-37295.0,4.705882352941177
95.9,21,0,100,39.216,0.1,0.0,0.0,0.0,0.0,-37295.0,4.705882352941177
96.0,21,0,100,39.216,0.1,0.0,0.0,0.0,0.0,-37295.0,4.705882352941177
96.1,21,0,100,39.216,0.1,0.0,0.0,0.0,0.0,-37295.0,4.705882352941177
96.2,21,0,100,39.216,0.1,0.0,0.0,0.0,0.0,-37295.0,4.705882352941177
96.3,21,0,100,39.216,0.1,0.0,0.0,0.0,0.0,-37295.0,4.705882352941177
96.4,21,0,100,39.216,0.1,0.0,0.0,0.0,0.0,-37295.0,4.705882352941177
96.5,21,0,100,39.216,0.1,0.0,0.0,0.0,0.0,-37295.0,4.705882352941177
96.6,21,0,100,39.216,0.1,0.0,0.0,0.0,0.0,-37295.0,4.705882352941177
96.7,21,0,100,39.216,0.1,0.0,0.0,0.0,0.0,-37295.0,4.705882352941177
96.8,21,0,100,39.216,0.1,0.0,0.0,0.0,0.0,-37295.0,4.705882352941177
96.9,21,0,100,39.216,0.1,0.0,0.0,0.0,0.0,-37295.0,4.705882352941177
97.0,21,1,100,39.216,0.1,0.0,0.0,0.0,0.0,-37295.0,4.705882352941177
97.1,21,1,100,39.216,0.1,0.0,0.0,0.0,0.0,-37295.0,4.705882352941177
97.2,21,1,100,39.216,0.1,0.0,0.0,0.0,0.0,-37295.0,4.705882352941177
97.3,21,1,100,39.216,0.1,0.0,0.0,0.0,0.0,-37295.0,4.705882352941177
97.4,21,1,100,39.216,0.1,0.0,0.0,0.0,0.0,-37295.0,4.705882352941177
97.5,21,1,100,39.216,0.1,0.0,0.0,0.0,0.0,-37295.0,4.705882352941177
97.6,21,1,100,39.216,0.1,0.0,0.0,0.0,0.0,-37295.0,4.705882352941177
97.7,21,1,100,39.216,0.1,0.0,0.0,0.0,0.0,-37295.0,4.705882352941177
97.8,21,1,100,39.216,0.1,0.0,0.0,0.0,0.0,-37295.0,4.705882352941177
97.9,21,1,100,39.216,0.1,0.0,0.0,0.0,0.0,-37295.0,4.705882352941177
98.0,21,1,100,39.216,0.1,0.0,0.0,0.0,0.0,-37295.0,4.705882352941177
98.1,21,1,100,39.216,0.1,0.0,0.0,0.0,0.0,-37295.0,4.705882352941177
98.2,21,1,100,39.216,0.1,0.0,0.0,0.0,0.0,-37295.0,4.705882352941177
98.3,21,1,100,39.216,0.1,0.0,0.0,0.0,0.0,-37295.0,4.705882352941177
98.4,21,1,100,39.216,0.1,0.0,0.0,0.0,0.0,-37295.0,4.705882352941177
98.5,21,1,100,39.216,0.1,0.0,0.0,0.0,0.0,-37295.0,4.705882352941177
98.6,21,1,100,39.216,0.1,0.0,0.0,0.0,0.0,-37295.0,4.705882352941177
98.7,21,1,100,39.216,0.1,0.0,0.0,0.0,0.0,-37295.0,4.705882352941177
98.8,21,1,100,39.216,0.1,0.0,0.0,0.0,0.0,-37295.0,4.705882352941177
98.9,21,1,100,39.216,0.1,0.0,0.0,0.0,0.0,-37295.0,4.705882352941177
99.0,22,0,80,31.373,0.1,0.0,0.0,0.0,0.0,-37295.0,3.764705882352941
99.1,22,0,80,31.373,0.1,0.0,0.0,0.0,0.0,-37295.0,3.764705882352941
99.2,22,0,80,31.373,0.1,0.0,0.0,0.0,0.0,-37295.0,3.764705882352941
99.3,22,0,80,31.373,0.1,0.0,0.0,0.0,0.0,-37295.0,3.764705882352941
99.4,22,0,80,31.373,0.1,0.0,0.0,0.0,0.0,-37295.0,3.764705882352941
99.5,22,0,80,31.373,0.1,0.0,0.0,0.0,0.0,-37295.0,3.764705882352941
99.6,22,0,80,31.373,0.1,0.0,0.0,0.0,0.0,-37295.0,3.764705882352941
99.7,22,0,80,31.373,0.1,0.0,0.0,0.0,0.0,-37295.0,3.764705882352941
99.8,22,0,80,31.373,0.1,0.0,0.0,0.0,0.0,-37295.0,3.764705882352941
99.9,22,0,80,31.373,0.1,0.0,0.0,0.0,0.0,-37295.0,3.764705882352941
100.0,22,0,80,31.373,0.1,0.0,0.0,0.0,0.0,-37295.0,3.764705882352941
100.1,22,0,80,31.373,0.1,0.0,0.0,0.0,0.0,-37295.0,3.764705882352941
100.2,22,0,80,31.373,0.1,0.0,0.0,0.0,0.0,-37295.0,3.764705882352941
100.3,22,0,80,31.373,0.1,0.0,0.0,0.0,0.0,-37295.0,3.764705882352941
100.4,22,0,80,31.373,0.1,0.0,0.0,0.0,0.0,-37295.0,3.764705882352941
100.5,22,0,80,31.373,0.1,0.0,0.0,0.0,0.0,-37295.0,3.764705882352941
100.6,22,0,80,31.373,0.1,0.0,0.0,0.0,0.0,-37295.0,3.764705882352941
100.7,22,0,80,31.373,0.1,0.0,0.0,0.0,0.0,-37295.0,3.764705882352941
100.8,22,0,80,31.373,0.1,0.0,0.0,0.0,0.0,-37295.0,3.764705882352941
100.9,22,0,80,31.373,0.1,0.0,0.0,0.0,0.0,-37295.0,3.764705882352941
101.0,22,0,80,31.373,0.1,0.0,0.0,0.0,0.0,-37295.0,3.764705882352941
101.1,22,0,80,31.373,0.1,0.0,0.0,0.0,0.0,-37295.0,3.764705882352941
101.2,22,0,80,31.373,0.1,0.0,0.0,0.0,0.0,-37295.0,3.764705882352941
101.3,22,0,80,31.373,0.1,0.0,0.0,0.0,0.0,-37295.0,3.764705882352941
101.4,22,0,80,31.373,0.1,0.0,0.0,0.0,0.0,-37295.0,3.764705882352941
101.5,22,1,80,31.373,0.1,0.0,0.0,0.0,0.0,-37295.0,3.764705882352941
101.6,22,1,80,31.373,0.1,0.0,0.0,0.0,0.0,-37295.0,3.764705882352941
101.7,22,1,80,31.373,0.1,0.0,0.0,0.0,0.0,-37295.0,3.764705882352941
101.8,22,1,80,31.373,0.1,0.0,0.0,0.0,0.0,-37295.0,3.764705882352941
101.9,22,1,80,31.373,0.1,0.0,0.0,0.0,0.0,-37295.0,3.764705882352941
102.0,22,1,80,31.373,0.1,0.0,0.0,0.0,0.0,-37295.0,3.764705882352941
102.1,22,1,80,31.373,0.1,0.0,0.0,0.0,0.0,-37295.0,3.764705882352941
102.2,22,1,80,31.373,0.1,0.0,0.0,0.0,0.0,-37295.0,3.764705882352941
102.3,22,1,80,31.373,0.1,0.0,0.0,0.0,0.0,-37295.0,3.764705882352941
102.4,22,1,80,31.373,0.1,0.0,0.0,0.0,0.0,-37295.0,3.764705882352941
102.5,22,1,80,31.373,0.1,0.0,0.0,0.0,0.0,-37295.0,3.764705882352941
102.6,22,1,80,31.373,0.1,0.0,0.0,0.0,0.0,-37295.0,3.764705882352941
102.7,22,1,80,31.373,0.1,0.0,0.0,0.0,0.0,-37295.0,3.764705882352941
102.8,22,1,80,31.373,0.1,0.0,0.0,0.0,0.0,-37295.0,3.764705882352941
102.9,22,1,80,31.373,0.1,0.0,0.0,0.0,0.0,-37295.0,3.764705882352941
103.0,22,1,80,31.373,0.1,0.0,0.0,0.0,0.0,-37295.0,3.764705882352941
103.1,22,1,80,31.373,0.1,0.0,0.0,0.0,0.0,-37295.0,3.764705882352941
103.2,22,1,80,31.373,0.1,0.0,0.0,0.0,0.0,-37295.0,3.764705882352941
103.3,22,1,80,31.373,0.1,0.0,0.0,0.0,0.0,-37295.0,3.764705882352941
103.4,22,1,80,31.373,0.1,0.0,0.0,0.0,0.0,-37295.0,3.764705882352941
103.5,23,0,60,23.529,0.1,0.0,0.0,0.0,0.0,-37295.0,2.823529411764706
103.6,23,0,60,23.529,0.1,0.0,0.0,0.0,0.0,-37295.0,2.823529411764706
103.7,23,0,60,23.529,0.1,0.0,0.0,0.0,0.0,-37295.0,2.823529411764706
103.8,23,0,60,23.529,0.1,0.0,0.0,0.0,0.0,-37295.0,2.823529411764706
103.9,23,0,60,23.529,0.1,0.0,0.0,0.0,0.0,-37295.0,2.823529411764706
104.0,23,0,60,23.529,0.1,0.0,0.0,0.0,0.0,-37295.0,2.823529411764706
104.1,23,0,60,23.529,0.1,0.0,0.0,0.0,0.0,-37295.0,2.823529411764706
104.2,23,0,60,23.529,0.1,0.0,0.0,0.0,0.0,-37295.0,2.823529411764706
104.3,23,0,60,23.529,0.1,0.0,0.0,0.0,0.0,-37295.0,2.823529411764706
104.4,23,0,60,23.529,0.1,0.0,0.0,0.0,0.0,-37295.0,2.823529411764706
104.5,23,0,60,23.529,0.1,0.0,0.0,0.0,0.0,-37295.0,2.823529411764706
104.6,23,0,60,23.529,0.1,0.0,0.0,0.0,0.0,-37295.0,2.823529411764706
104.7,23,0,60,23.529,0.1,0.0,0.0,0.0,0.0,-37295.0,2.823529411764706
104.8,23,0,60,23.529,0.1,0.0,0.0,0.0,0.0,-37295.0,2.823529411764706
104.9,23,0,60,23.529,0.1,0.0,0.0,0.0,0.0,-37295.0,2.823529411764706
105.0,23,0,60,23.529,0.1,0.0,0.0,0.0,0.0,-37295.0,2.823529411764706
105.1,23,0,60,23.529,0.1,0.0,0.0,0.0,0.0,-37295.0,2.823529411764706
105.2,23,0,60,23.529,0.1,0.0,0.0,0.0,0.0,-37295.0,2.823529411764706
105.3,23,0,60,23.529,0.1,0.0,0.0,0.0,0.0,-37295.0,2.823529411764706
105.4,23,0,60,23.529,0.1,0.0,0.0,0.0,0.0,-37295.0,2.823529411764706
105.5,23,0,60,23.529,0.1,0.0,0.0,0.0,0.0,-37295.0,2.823529411764706
105.6,23,0,60,23.529,0.1,0.0,0.0,0.0,0.0,-37295.0,2.823529411764706
105.7,23,0,60,23.529,0.1,0.0,0.0,0.0,0.0,-37295.0,2.823529411764706
105.8,23,0,60,23.529,0.1,0.0,0.0,0.0,0.0,-37295.0,2.823529411764706
105.9,23,0,60,23.529,0.1,0.0,0.0,0.0,0.0,-37295.0,2.823529411764706
106.0,23,1,60,23.529,0.1,0.0,0.0,0.0,0.0,-37295.0,2.823529411764706
106.1,23,1,60,23.529,0.1,0.0,0.0,0.0,0.0,-37295.0,2.823529411764706
106.2,23,1,60,23.529,0.1,0.0,0.0,0.0,0.0,-37295.0,2.823529411764706
106.3,23,1,60,23.529,0.1,0.0,0.0,0.0,0.0,-37295.0,2.823529411764706
106.4,23,1,60,23.529,0.1,0.0,0.0,0.0,0.0,-37295.0,2.823529411764706
106.5,23,1,60,23.529,0.1,0.0,0.0,0.0,0.0,-37295.0,2.823529411764706
106.6,23,1,60,23.529,0.1,0.0,0.0,0.0,0.0,-37295.0,2.823529411764706
106.7,23,1,60,23.529,0.1,0.0,0.0,0.0,0.0,-37295.0,2.823529411764706
106.8,23,1,60,23.529,0.1,0.0,0.0,0.0,0.0,-37295.0,2.823529411764706
106.9,23,1,60,23.529,0.1,0.0,0.0,0.0,0.0,-37295.0,2.823529411764706
107.0,23,1,60,23.529,0.1,0.0,0.0,0.0,0.0,-37295.0,2.823529411764706
107.1,23,1,60,23.529,0.1,0.0,0.0,0.0,0.0,-37295.0,2.823529411764706
107.2,23,1,60,23.529,0.1,0.0,0.0,0.0,0.0,-37295.0,2.823529411764706
107.3,23,1,60,23.529,0.1,0.0,0.0,0.0,0.0,-37295.0,2.823529411764706
107.4,23,1,60,23.529,0.1,0.0,0.0,0.0,0.0,-37295.0,2.823529411764706
107.5,23,1,60,23.529,0.1,0.0,0.0,0.0,0.0,-37295.0,2.823529411764706
107.6,23,1,60,23.529,0.1,0.0,0.0,0.0,0.0,-37295.0,2.823529411764706
107.7,23,1,60,23.529,0.1,0.0,0.0,0.0,0.0,-37295.0,2.823529411764706
107.8,23,1,60,23.529,0.1,0.0,0.0,0.0,0.0,-37295.0,2.823529411764706
107.9,23,1,60,23.529,0.1,0.0,0.0,0.0,0.0,-37295.0,2.823529411764706
108.0,24,0,40,15.686,0.1,0.0,0.0,0.0,0.0,-37295.0,1.8823529411764706
108.1,24,0,40,15.686,0.1,0.0,0.0,0.0,0.0,-37295.0,1.8823529411764706
108.2,24,0,40,15.686,0.1,0.0,0.0,0.0,0.0,-37295.0,1.8823529411764706
108.3,24,0,40,15.686,0.1,0.0,0.0,0.0,0.0,-37295.0,1.8823529411764706
108.4,24,0,40,15.686,0.1,0.0,0.0,0.0,0.0,-37295.0,1.8823529411764706
108.5,24,0,40,15.686,0.1,0.0,0.0,0.0,0.0,-37295.0,1.8823529411764706
108.6,24,0,40,15.686,0.1,0.0,0.0,0.0,0.0,-37295.0,1.8823529411764706
108.7,24,0,40,15.686,0.1,0.0,0.0,0.0,0.0,-37295.0,1.8823529411764706
108.8,24,0,40,15.686,0.1,0.0,0.0,0.0,0.0,-37295.0,1.8823529411764706
108.9,24,0,40,15.686,0.1,0.0,0.0,0.0,0.0,-37295.0,1.8823529411764706
109.0,24,0,40,15.686,0.1,0.0,0.0,0.0,0.0,-37295.0,1.8823529411764706
109.1,24,0,40,15.686,0.1,0.0,0.0,0.0,0.0,-37295.0,1.8823529411764706
109.2,24,0,40,15.686,0.1,0.0,0.0,0.0,0.0,-37295.0,1.8823529411764706
109.3,24,0,40,15.686,0.1,0.0,0.0,0.0,0.0,-37295.0,1.8823529411764706
109.4,24,0,40,15.686,0.1,0.0,0.0,0.0,0.0,-37295.0,1.8823529411764706
109.5,24,0,40,15.686,0.1,0.0,0.0,0.0,0.0,-37295.0,1.8823529411764706
109.6,24,0,40,15.686,0.1,0.0,0.0,0.0,0.0,-37295.0,1.8823529411764706
109.7,24,0,40,15.686,0.1,0.0,0.0,0.0,0.0,-37295.0,1.8823529411764706
109.8,24,0,40,15.686,0.1,0.0,0.0,0.0,0.0,-37295.0,1.8823529411764706
109.9,24,0,40,15.686,0.1,0.0,0.0,0.0,0.0,-37295.0,1.8823529411764706
110.0,24,0,40,15.686,0.1,0.0,0.0,0.0,0.0,-37295.0,1.8823529411764706
110.1,24,0,40,15.686,0.1,0.0,0.0,0.0,0.0,-37295.0,1.8823529411764706
110.2,24,0,40,15.686,0.1,0.0,0.0,0.0,0.0,-37295.0,1.8823529411764706
110.3,24,0,40,15.686,0.1,0.0,0.0,0.0,0.0,-37295.0,1.8823529411764706
110.4,24,0,40,15.686,0.1,0.0,0.0,0.0,0.0,-37295.0,1.8823529411764706
110.5,24,1,40,15.686,0.1,0.0,0.0,0.0,0.0,-37295.0,1.8823529411764706
110.6,24,1,40,15.686,0.1,0.0,0.0,0.0,0.0,-37295.0,1.8823529411764706
110.7,24,1,40,15.686,0.1,0.0,0.0,0.0,0.0,-37295.0,1.8823529411764706
110.8,24,1,40,15.686,0.1,0.0,0.0,0.0,0.0,-37295.0,1.8823529411764706
110.9,24,1,40,15.686,0.1,0.0,0.0,0.0,0.0,-37295.0,1.8823529411764706
111.0,24,1,40,15.686,0.1,0.0,0.0,0.0,0.0,-37295.0,1.8823529411764706
111.1,24,1,40,15.686,0.1,0.0,0.0,0.0,0.0,-37295.0,1.8823529411764706
111.2,24,1,40,15.686,0.1,0.0,0.0,0.0,0.0,-37295.0,1.8823529411764706
111.3,24,1,40,15.686,0.1,0.0,0.0,0.0,0.0,-37295.0,1.8823529411764706
111.4,24,1,40,15.686,0.1,0.0,0.0,0.0,0.0,-37295.0,1.8823529411764706
111.5,24,1,40,15.686,0.1,0.0,0.0,0.0,0.0,-37295.0,1.8823529411764706
111.6,24,1,40,15.686,0.1,0.0,0.0,0.0,0.0,-37295.0,1.8823529411764706
111.7,24,1,40,15.686,0.1,0.0,0.0,0.0,0.0,-37295.0,1.8823529411764706
111.8,24,1,40,15.686,0.1,0.0,0.0,0.0,0.0,-37295.0,1.8823529411764706
111.9,24,1,40,15.686,0.1,0.0,0.0,0.0,0.0,-37295.0,1.8823529411764706
112.0,24,1,40,15.686,0.1,0.0,0.0,0.0,0.0,-37295.0,1.8823529411764706
112.1,24,1,40,15.686,0.1,0.0,0.0,0.0,0.0,-37295.0,1.8823529411764706
112.2,24,1,40,15.686,0.1,0.0,0.0,0.0,0.0,-37295.0,1.8823529411764706
112.3,24,1,40,15.686,0.1,0.0,0.0,0.0,0.0,-37295.0,1.8823529411764706
112.4,24,1,40,15.686,0.1,0.0,0.0,0.0,0.0,-37295.0,1.8823529411764706
112.5,25,0,20,7.843,0.1,0.0,0.0,0.0,0.0,-37295.0,0.9411764705882353
112.6,25,0,20,7.843,0.1,0.0,0.0,0.0,0.0,-37295.0,0.9411764705882353
112.7,25,0,20,7.843,0.1,0.0,0.0,0.0,0.0,-37295.0,0.9411764705882353
112.8,25,0,20,7.843,0.1,1.0,-0.174533,-0.043633,-0.4167,-37294.0,0.9411764705882353
112.9,25,0,20,7.843,0.1,0.0,0.0,-0.032725,-0.3125,-37294.0,0.9411764705882353
113.0,25,0,20,7.843,0.1,0.0,0.0,-0.024544,-0.2344,-37294.0,0.9411764705882353
113.1,25,0,20,7.843,0.1,0.0,0.0,-0.018408,-0.1758,-37294.0,0.9411764705882353
113.2,25,0,20,7.843,0.1,0.0,0.0,-0.013806,-0.1318,-37294.0,0.9411764705882353
113.3,25,0,20,7.843,0.1,0.0,0.0,-0.010354,-0.0989,-37294.0,0.9411764705882353
113.4,25,0,20,7.843,0.1,0.0,0.0,-0.007766,-0.0742,-37294.0,0.9411764705882353
113.5,25,0,20,7.843,0.1,0.0,0.0,-0.005824,-0.0556,-37294.0,0.9411764705882353
113.6,25,0,20,7.843,0.1,0.0,0.0,-0.004368,-0.0417,-37294.0,0.9411764705882353
113.7,25,0,20,7.843,0.1,0.0,0.0,-0.003276,-0.0313,-37294.0,0.9411764705882353
113.8,25,0,20,7.843,0.1,0.0,0.0,-0.002457,-0.0235,-37294.0,0.9411764705882353
113.9,25,0,20,7.843,0.1,0.0,0.0,-0.001843,-0.0176,-37294.0,0.9411764705882353
114.0,25,0,20,7.843,0.1,0.0,0.0,-0.001382,-0.0132,-37294.0,0.9411764705882353
114.1,25,0,20,7.843,0.1,0.0,0.0,-0.001037,-0.0099,-37294.0,0.9411764705882353
114.2,25,0,20,7.843,0.1,0.0,0.0,-0.000777,-0.0074,-37294.0,0.9411764705882353
114.3,25,0,20,7.843,0.1,0.0,0.0,-0.000583,-0.0056,-37294.0,0.9411764705882353
114.4,25,0,20,7.843,0.1,0.0,0.0,-0.000437,-0.0042,-37294.0,0.9411764705882353
114.5,25,0,20,7.843,0.1,0.0,0.0,-0.000328,-0.0031,-37294.0,0.9411764705882353
114.6,25,0,20,7.843,0.1,0.0,0.0,-0.000246,-0.0023,-37294.0,0.9411764705882353
114.7,25,0,20,7.843,0.1,0.0,0.0,-0.000184,-0.0018,-37294.0,0.9411764705882353
114.8,25,0,20,7.843,0.1,0.0,0.0,-0.000138,-0.0013,-37294.0,0.9411764705882353
114.9,25,0,20,7.843,0.1,0.0,0.0,-0.000104,-0.001,-37294.0,0.9411764705882353
115.0,25,1,20,7.843,0.1,0.0,0.0,-7.8e-05,-0.0007,-37294.0,0.9411764705882353
115.1,25,1,20,7.843,0.1,0.0,0.0,-5.8e-05,-0.0006,-37294.0,0.9411764705882353
115.2,25,1,20,7.843,0.1,0.0,0.0,-4.4e-05,-0.0004,-37294.0,0.9411764705882353
115.3,25,1,20,7.843,0.1,0.0,0.0,-3.3e-05,-0.0003,-37294.0,0.9411764705882353
115.4,25,1,20,7.843,0.1,0.0,0.0,-2.5e-05,-0.0002,-37294.0,0.9411764705882353
115.5,25,1,20,7.843,0.1,0.0,0.0,-1.8e-05,-0.0002,-37294.0,0.9411764705882353
115.6,25,1,20,7.843,0.1,0.0,0.0,-1.4e-05,-0.0001,-37294.0,0.9411764705882353
115.7,25,1,20,7.843,0.1,0.0,0.0,-1e-05,-0.0001,-37294.0,0.9411764705882353
115.8,25,1,20,7.843,0.1,0.0,0.0,-8e-06,-0.0001,-37294.0,0.9411764705882353
115.9,25,1,20,7.843,0.1,0.0,0.0,-6e-06,-0.0001,-37294.0,0.9411764705882353
116.0,25,1,20,7.843,0.1,0.0,0.0,-4e-06,-0.0,-37294.0,0.9411764705882353
116.1,25,1,20,7.843,0.1,0.0,0.0,-3e-06,-0.0,-37294.0,0.9411764705882353
116.2,25,1,20,7.843,0.1,0.0,0.0,-2e-06,-0.0,-37294.0,0.9411764705882353
116.3,25,1,20,7.843,0.1,0.0,0.0,-2e-06,-0.0,-37294.0,0.9411764705882353
116.4,25,1,20,7.843,0.1,0.0,0.0,-1e-06,-0.0,-37294.0,0.9411764705882353
116.5,25,1,20,7.843,0.1,0.0,0.0,-1e-06,-0.0,-37294.0,0.9411764705882353
116.6,25,1,20,7.843,0.1,0.0,0.0,-1e-06,-0.0,-37294.0,0.9411764705882353
116.7,25,1,20,7.843,0.1,0.0,0.0,-1e-06,-0.0,-37294.0,0.9411764705882353
116.8,25,1,20,7.843,0.1,0.0,0.0,-0.0,-0.0,-37294.0,0.9411764705882353
116.9,25,1,20,7.843,0.1,0.0,0.0,-0.0,-0.0,-37294.0,0.9411764705882353
117.0,26,0,0,0.0,0.1,0.0,0.0,-0.0,-0.0,-37294.0,0.0
117.1,26,0,0,0.0,0.1,0.0,0.0,-0.0,-0.0,-37294.0,0.0
117.2,26,0,0,0.0,0.1,0.0,0.0,-0.0,-0.0,-37294.0,0.0
117.3,26,0,0,0.0,0.1,0.0,0.0,-0.0,-0.0,-37294.0,0.0
117.4,26,0,0,0.0,0.1,0.0,0.0,-0.0,-0.0,-37294.0,0.0
117.5,26,0,0,0.0,0.1,0.0,0.0,-0.0,-0.0,-37294.0,0.0
117.6,26,0,0,0.0,0.1,0.0,0.0,-0.0,-0.0,-37294.0,0.0
117.7,26,0,0,0.0,0.1,0.0,0.0,-0.0,-0.0,-37294.0,0.0
117.8,26,0,0,0.0,0.1,0.0,0.0,-0.0,-0.0,-37294.0,0.0
117.9,26,0,0,0.0,0.1,0.0,0.0,-0.0,-0.0,-37294.0,0.0
118.0,26,0,0,0.0,0.1,0.0,0.0,-0.0,-0.0,-37294.0,0.0
118.1,26,0,0,0.0,0.1,0.0,0.0,-0.0,-0.0,-37294.0,0.0
118.2,26,0,0,0.0,0.1,0.0,0.0,-0.0,-0.0,-37294.0,0.0
118.3,26,0,0,0.0,0.1,0.0,0.0,-0.0,-0.0,-37294.0,0.0
118.4,26,0,0,0.0,0.1,0.0,0.0,-0.0,-0.0,-37294.0,0.0
118.5,26,0,0,0.0,0.1,0.0,0.0,-0.0,-0.0,-37294.0,0.0
118.6,26,0,0,0.0,0.1,0.0,0.0,-0.0,-0.0,-37294.0,0.0
118.7,26,0,0,0.0,0.1,0.0,0.0,-0.0,-0.0,-37294.0,0.0
118.8,26,0,0,0.0,0.1,0.0,0.0,-0.0,-0.0,-37294.0,0.0
118.9,26,0,0,0.0,0.1,0.0,0.0,-0.0,-0.0,-37294.0,0.0
119.0,26,0,0,0.0,0.1,0.0,0.0,-0.0,-0.0,-37294.0,0.0
119.1,26,0,0,0.0,0.1,0.0,0.0,-0.0,-0.0,-37294.0,0.0
119.2,26,0,0,0.0,0.1,0.0,0.0,-0.0,-0.0,-37294.0,0.0
119.3,26,0,0,0.0,0.1,0.0,0.0,-0.0,-0.0,-37294.0,0.0
119.4,26,0,0,0.0,0.1,0.0,0.0,-0.0,-0.0,-37294.0,0.0
119.5,26,1,0,0.0,0.1,0.0,0.0,-0.0,-0.0,-37294.0,0.0
119.6,26,1,0,0.0,0.1,0.0,0.0,-0.0,-0.0,-37294.0,0.0
119.7,26,1,0,0.0,0.1,0.0,0.0,-0.0,-0.0,-37294.0,0.0
119.8,26,1,0,0.0,0.1,0.0,0.0,-0.0,-0.0,-37294.0,0.0
119.9,26,1,0,0.0,0.1,0.0,0.0,-0.0,-0.0,-37294.0,0.0
120.0,26,1,0,0.0,0.1,0.0,0.0,-0.0,-0.0,-37294.0,0.0
120.1,26,1,0,0.0,0.1,0.0,0.0,-0.0,-0.0,-37294.0,0.0
120.2,26,1,0,0.0,0.1,0.0,0.0,-0.0,-0.0,-37294.0,0.0
120.3,26,1,0,0.0,0.1,0.0,0.0,-0.0,-0.0,-37294.0,0.0
120.4,26,1,0,0.0,0.1,0.0,0.0,-0.0,-0.0,-37294.0,0.0
120.5,26,1,0,0.0,0.1,0.0,0.0,-0.0,-0.0,-37294.0,0.0
120.6,26,1,0,0.0,0.1,0.0,0.0,-0.0,-0.0,-37294.0,0.0
120.7,26,1,0,0.0,0.1,0.0,0.0,-0.0,-0.0,-37294.0,0.0
120.8,26,1,0,0.0,0.1,0.0,0.0,-0.0,-0.0,-37294.0,0.0
120.9,26,1,0,0.0,0.1,0.0,0.0,-0.0,-0.0,-37294.0,0.0
121.0,26,1,0,0.0,0.1,0.0,0.0,-0.0,-0.0,-37294.0,0.0
121.1,26,1,0,0.0,0.1,0.0,0.0,-0.0,-0.0,-37294.0,0.0
121.2,26,1,0,0.0,0.1,0.0,0.0,-0.0,-0.0,-37294.0,0.0
121.3,26,1,0,0.0,0.1,0.0,0.0,-0.0,-0.0,-37294.0,0.0
121.4,26,1,0,0.0,0.1,0.0,0.0,-0.0,-0.0,-37294.0,0.0
121.5,27,0,-20,-7.843,0.1,0.0,0.0,-0.0,-0.0,-37294.0,-0.9411764705882353
121.6,27,0,-20,-7.843,0.1,0.0,0.0,-0.0,-0.0,-37294.0,-0.9411764705882353
121.7,27,0,-20,-7.843,0.1,0.0,0.0,-0.0,-0.0,-37294.0,-0.9411764705882353
121.8,27,0,-20,-7.843,0.1,0.0,0.0,-0.0,-0.0,-37294.0,-0.9411764705882353
121.9,27,0,-20,-7.843,0.1,0.0,0.0,-0.0,-0.0,-37294.0,-0.9411764705882353
122.0,27,0,-20,-7.843,0.1,0.0,0.0,-0.0,-0.0,-37294.0,-0.9411764705882353
122.1,27,0,-20,-7.843,0.1,0.0,0.0,-0.0,-0.0,-37294.0,-0.9411764705882353
122.2,27,0,-20,-7.843,0.1,0.0,0.0,-0.0,-0.0,-37294.0,-0.9411764705882353
122.3,27,0,-20,-7.843,0.1,0.0,0.0,-0.0,-0.0,-37294.0,-0.9411764705882353
122.4,27,0,-20,-7.843,0.1,0.0,0.0,-0.0,-0.0,-37294.0,-0.9411764705882353
122.5,27,0,-20,-7.843,0.1,0.0,0.0,-0.0,-0.0,-37294.0,-0.9411764705882353
122.6,27,0,-20,-7.843,0.1,0.0,0.0,-0.0,-0.0,-37294.0,-0.9411764705882353
122.7,27,0,-20,-7.843,0.1,0.0,0.0,-0.0,-0.0,-37294.0,-0.9411764705882353
122.8,27,0,-20,-7.843,0.1,0.0,0.0,-0.0,-0.0,-37294.0,-0.9411764705882353
122.9,27,0,-20,-7.843,0.1,0.0,0.0,-0.0,-0.0,-37294.0,-0.9411764705882353
123.0,27,0,-20,-7.843,0.1,0.0,0.0,-0.0,-0.0,-37294.0,-0.9411764705882353
123.1,27,0,-20,-7.843,0.1,0.0,0.0,-0.0,-0.0,-37294.0,-0.9411764705882353
123.2,27,0,-20,-7.843,0.1,0.0,0.0,-0.0,-0.0,-37294.0,-0.9411764705882353
123.3,27,0,-20,-7.843,0.1,0.0,0.0,-0.0,-0.0,-37294.0,-0.9411764705882353
123.4,27,0,-20,-7.843,0.1,0.0,0.0,-0.0,-0.0,-37294.0,-0.9411764705882353
123.5,27,0,-20,-7.843,0.1,0.0,0.0,-0.0,-0.0,-37294.0,-0.9411764705882353
123.6,27,0,-20,-7.843,0.1,0.0,0.0,-0.0,-0.0,-37294.0,-0.9411764705882353
123.7,27,0,-20,-7.843,0.1,0.0,0.0,-0.0,-0.0,-37294.0,-0.9411764705882353
123.8,27,0,-20,-7.843,0.1,0.0,0.0,-0.0,-0.0,-37294.0,-0.9411764705882353
123.9,27,0,-20,-7.843,0.1,0.0,0.0,-0.0,-0.0,-37294.0,-0.9411764705882353
124.0,27,1,-20,-7.843,0.1,0.0,0.0,-0.0,-0.0,-37294.0,-0.9411764705882353
124.1,27,1,-20,-7.843,0.1,0.0,0.0,-0.0,-0.0,-37294.0,-0.9411764705882353
124.2,27,1,-20,-7.843,0.1,0.0,0.0,-0.0,-0.0,-37294.0,-0.9411764705882353
124.3,27,1,-20,-7.843,0.1,0.0,0.0,-0.0,-0.0,-37294.0,-0.9411764705882353
124.4,27,1,-20,-7.843,0.1,0.0,0.0,-0.0,-0.0,-37294.0,-0.9411764705882353
124.5,27,1,-20,-7.843,0.1,0.0,0.0,-0.0,-0.0,-37294.0,-0.9411764705882353
124.6,27,1,-20,-7.843,0.1,0.0,0.0,-0.0,-0.0,-37294.0,-0.9411764705882353
124.7,27,1,-20,-7.843,0.1,0.0,0.0,-0.0,-0.0,-37294.0,-0.9411764705882353
124.8,27,1,-20,-7.843,0.1,0.0,0.0,-0.0,-0.0,-37294.0,-0.9411764705882353
124.9,27,1,-20,-7.843,0.1,0.0,0.0,-0.0,-0.0,-37294.0,-0.9411764705882353
125.0,27,1,-20,-7.843,0.1,0.0,0.0,-0.0,-0.0,-37294.0,-0.9411764705882353
125.1,27,1,-20,-7.843,0.1,0.0,0.0,-0.0,-0.0,-37294.0,-0.9411764705882353
125.2,27,1,-20,-7.843,0.1,0.0,0.0,-0.0,-0.0,-37294.0,-0.9411764705882353
125.3,27,1,-20,-7.843,0.1,0.0,0.0,-0.0,-0.0,-37294.0,-0.9411764705882353
125.4,27,1,-20,-7.843,0.1,0.0,0.0,-0.0,-0.0,-37294.0,-0.9411764705882353
125.5,27,1,-20,-7.843,0.1,0.0,0.0,-0.0,-0.0,-37294.0,-0.9411764705882353
125.6,27,1,-20,-7.843,0.1,0.0,0.0,-0.0,-0.0,-37294.0,-0.9411764705882353
125.7,27,1,-20,-7.843,0.1,0.0,0.0,-0.0,-0.0,-37294.0,-0.9411764705882353
125.8,27,1,-20,-7.843,0.1,0.0,0.0,-0.0,-0.0,-37294.0,-0.9411764705882353
125.9,27,1,-20,-7.843,0.1,0.0,0.0,-0.0,-0.0,-37294.0,-0.9411764705882353
126.0,28,0,-40,-15.686,0.1,0.0,0.0,-0.0,-0.0,-37294.0,-1.8823529411764706
126.1,28,0,-40,-15.686,0.1,0.0,0.0,-0.0,-0.0,-37294.0,-1.8823529411764706
126.2,28,0,-40,-15.686,0.1,0.0,0.0,-0.0,-0.0,-37294.0,-1.8823529411764706
126.3,28,0,-40,-15.686,0.1,0.0,0.0,-0.0,-0.0,-37294.0,-1.8823529411764706
126.4,28,0,-40,-15.686,0.1,0.0,0.0,-0.0,-0.0,-37294.0,-1.8823529411764706
126.5,28,0,-40,-15.686,0.1,0.0,0.0,-0.0,-0.0,-37294.0,-1.8823529411764706
126.6,28,0,-40,-15.686,0.1,0.0,0.0,-0.0,-0.0,-37294.0,-1.8823529411764706
126.7,28,0,-40,-15.686,0.1,0.0,0.0,-0.0,-0.0,-37294.0,-1.8823529411764706
126.8,28,0,-40,-15.686,0.1,0.0,0.0,-0.0,-0.0,-37294.0,-1.8823529411764706
126.9,28,0,-40,-15.686,0.1,0.0,0.0,-0.0,-0.0,-37294.0,-1.8823529411764706
127.0,28,0,-40,-15.686,0.1,0.0,0.0,-0.0,-0.0,-37294.0,-1.8823529411764706
127.1,28,0,-40,-15.686,0.1,0.0,0.0,-0.0,-0.0,-37294.0,-1.8823529411764706
127.2,28,0,-40,-15.686,0.1,0.0,0.0,-0.0,-0.0,-37294.0,-1.8823529411764706
127.3,28,0,-40,-15.686,0.1,0.0,0.0,-0.0,-0.0,-37294.0,-1.8823529411764706
127.4,28,0,-40,-15.686,0.1,0.0,0.0,-0.0,-0.0,-37294.0,-1.8823529411764706
127.5,28,0,-40,-15.686,0.1,0.0,0.0,-0.0,-0.0,-37294.0,-1.8823529411764706
127.6,28,0,-40,-15.686,0.1,0.0,0.0,-0.0,-0.0,-37294.0,-1.8823529411764706
127.7,28,0,-40,-15.686,0.1,0.0,0.0,-0.0,-0.0,-37294.0,-1.8823529411764706
127.8,28,0,-40,-15.686,0.1,0.0,0.0,-0.0,-0.0,-37294.0,-1.8823529411764706
127.9,28,0,-40,-15.686,0.1,0.0,0.0,-0.0,-0.0,-37294.0,-1.8823529411764706
128.0,28,0,-40,-15.686,0.1,0.0,0.0,-0.0,-0.0,-37294.0,-1.8823529411764706
128.1,28,0,-40,-15.686,0.1,0.0,0.0,-0.0,-0.0,-37294.0,-1.8823529411764706
128.2,28,0,-40,-15.686,0.1,0.0,0.0,-0.0,-0.0,-37294.0,-1.8823529411764706
128.3,28,0,-40,-15.686,0.1,0.0,0.0,-0.0,-0.0,-37294.0,-1.8823529411764706
128.4,28,0,-40,-15.686,0.1,0.0,0.0,-0.0,-0.0,-37294.0,-1.8823529411764706
128.5,28,1,-40,-15.686,0.1,0.0,0.0,-0.0,-0.0,-37294.0,-1.8823529411764706
128.6,28,1,-40,-15.686,0.1,0.0,0.0,-0.0,-0.0,-37294.0,-1.8823529411764706
128.7,28,1,-40,-15.686,0.1,0.0,0.0,-0.0,-0.0,-37294.0,-1.8823529411764706
128.8,28,1,-40,-15.686,0.1,0.0,0.0,-0.0,-0.0,-37294.0,-1.8823529411764706
128.9,28,1,-40,-15.686,0.1,0.0,0.0,-0.0,-0.0,-37294.0,-1.8823529411764706
129.0,28,1,-40,-15.686,0.1,0.0,0.0,-0.0,-0.0,-37294.0,-1.8823529411764706
129.1,28,1,-40,-15.686,0.1,0.0,0.0,-0.0,-0.0,-37294.0,-1.8823529411764706
129.2,28,1,-40,-15.686,0.1,0.0,0.0,-0.0,-0.0,-37294.0,-1.8823529411764706
129.3,28,1,-40,-15.686,0.1,0.0,0.0,-0.0,-0.0,-37294.0,-1.8823529411764706
129.4,28,1,-40,-15.686,0.1,0.0,0.0,-0.0,-0.0,-37294.0,-1.8823529411764706
129.5,28,1,-40,-15.686,0.1,0.0,0.0,-0.0,-0.0,-37294.0,-1.8823529411764706
129.6,28,1,-40,-15.686,0.1,0.0,0.0,-0.0,-0.0,-37294.0,-1.8823529411764706
129.7,28,1,-40,-15.686,0.1,0.0,0.0,-0.0,-0.0,-37294.0,-1.8823529411764706
129.8,28,1,-40,-15.686,0.1,0.0,0.0,-0.0,-0.0,-37294.0,-1.8823529411764706
129.9,28,1,-40,-15.686,0.1,0.0,0.0,-0.0,-0.0,-37294.0,-1.8823529411764706
130.0,28,1,-40,-15.686,0.1,0.0,0.0,-0.0,-0.0,-37294.0,-1.8823529411764706
130.1,28,1,-40,-15.686,0.1,0.0,0.0,-0.0,-0.0,-37294.0,-1.8823529411764706
130.2,28,1,-40,-15.686,0.1,0.0,0.0,-0.0,-0.0,-37294.0,-1.8823529411764706
130.3,28,1,-40,-15.686,0.1,0.0,0.0,-0.0,-0.0,-37294.0,-1.8823529411764706
130.4,28,1,-40,-15.686,0.1,0.0,0.0,-0.0,-0.0,-37294.0,-1.8823529411764706
130.5,29,0,-60,-23.529,0.1,0.0,0.0,-0.0,-0.0,-37294.0,-2.823529411764706
130.6,29,0,-60,-23.529,0.1,0.0,0.0,-0.0,-0.0,-37294.0,-2.823529411764706
130.7,29,0,-60,-23.529,0.1,0.0,0.0,-0.0,-0.0,-37294.0,-2.823529411764706
130.8,29,0,-60,-23.529,0.1,0.0,0.0,-0.0,-0.0,-37294.0,-2.823529411764706
130.9,29,0,-60,-23.529,0.1,0.0,0.0,-0.0,-0.0,-37294.0,-2.823529411764706
131.0,29,0,-60,-23.529,0.1,0.0,0.0,-0.0,-0.0,-37294.0,-2.823529411764706
131.1,29,0,-60,-23.529,0.1,0.0,0.0,-0.0,-0.0,-37294.0,-2.823529411764706
131.2,29,0,-60,-23.529,0.1,0.0,0.0,-0.0,-0.0,-37294.0,-2.823529411764706
131.3,29,0,-60,-23.529,0.1,0.0,0.0,-0.0,-0.0,-37294.0,-2.823529411764706
131.4,29,0,-60,-23.529,0.1,0.0,0.0,-0.0,-0.0,-37294.0,-2.823529411764706
131.5,29,0,-60,-23.529,0.1,0.0,0.0,-0.0,-0.0,-37294.0,-2.823529411764706
131.6,29,0,-60,-23.529,0.1,0.0,0.0,-0.0,-0.0,-37294.0,-2.823529411764706
131.7,29,0,-60,-23.529,0.1,0.0,0.0,-0.0,-0.0,-37294.0,-2.823529411764706
131.8,29,0,-60,-23.529,0.1,0.0,0.0,-0.0,-0.0,-37294.0,-2.823529411764706
131.9,29,0,-60,-23.529,0.1,0.0,0.0,-0.0,-0.0,-37294.0,-2.823529411764706
132.0,29,0,-60,-23.529,0.1,0.0,0.0,-0.0,-0.0,-37294.0,-2.823529411764706
132.1,29,0,-60,-23.529,0.1,0.0,0.0,-0.0,-0.0,-37294.0,-2.823529411764706
132.2,29,0,-60,-23.529,0.1,0.0,0.0,-0.0,-0.0,-37294.0,-2.823529411764706
132.3,29,0,-60,-23.529,0.1,0.0,0.0,-0.0,-0.0,-37294.0,-2.823529411764706
132.4,29,0,-60,-23.529,0.1,0.0,0.0,-0.0,-0.0,-37294.0,-2.823529411764706
132.5,29,0,-60,-23.529,0.1,0.0,0.0,-0.0,-0.0,-37294.0,-2.823529411764706
132.6,29,0,-60,-23.529,0.1,0.0,0.0,-0.0,-0.0,-37294.0,-2.823529411764706
132.7,29,0,-60,-23.529,0.1,0.0,0.0,-0.0,-0.0,-37294.0,-2.823529411764706
132.8,29,0,-60,-23.529,0.1,0.0,0.0,-0.0,-0.0,-37294.0,-2.823529411764706
132.9,29,0,-60,-23.529,0.1,0.0,0.0,-0.0,-0.0,-37294.0,-2.823529411764706
133.0,29,1,-60,-23.529,0.1,0.0,0.0,-0.0,-0.0,-37294.0,-2.823529411764706
133.1,29,1,-60,-23.529,0.1,0.0,0.0,-0.0,-0.0,-37294.0,-2.823529411764706
133.2,29,1,-60,-23.529,0.1,0.0,0.0,-0.0,-0.0,-37294.0,-2.823529411764706
133.3,29,1,-60,-23.529,0.1,0.0,0.0,-0.0,-0.0,-37294.0,-2.823529411764706
133.4,29,1,-60,-23.529,0.1,0.0,0.0,-0.0,-0.0,-37294.0,-2.823529411764706
133.5,29,1,-60,-23.529,0.1,0.0,0.0,-0.0,-0.0,-37294.0,-2.823529411764706
133.6,29,1,-60,-23.529,0.1,0.0,0.0,-0.0,-0.0,-37294.0,-2.823529411764706
133.7,29,1,-60,-23.529,0.1,0.0,0.0,-0.0,-0.0,-37294.0,-2.823529411764706
133.8,29,1,-60,-23.529,0.1,0.0,0.0,-0.0,-0.0,-37294.0,-2.823529411764706
133.9,29,1,-60,-23.529,0.1,0.0,0.0,-0.0,-0.0,-37294.0,-2.823529411764706
134.0,29,1,-60,-23.529,0.1,0.0,0.0,-0.0,-0.0,-37294.0,-2.823529411764706
134.1,29,1,-60,-23.529,0.1,0.0,0.0,-0.0,-0.0,-37294.0,-2.823529411764706
134.2,29,1,-60,-23.529,0.1,0.0,0.0,-0.0,-0.0,-37294.0,-2.823529411764706
134.3,29,1,-60,-23.529,0.1,0.0,0.0,-0.0,-0.0,-37294.0,-2.823529411764706
134.4,29,1,-60,-23.529,0.1,0.0,0.0,-0.0,-0.0,-37294.0,-2.823529411764706
134.5,29,1,-60,-23.529,0.1,0.0,0.0,-0.0,-0.0,-37294.0,-2.823529411764706
134.6,29,1,-60,-23.529,0.1,0.0,0.0,-0.0,-0.0,-37294.0,-2.823529411764706
134.7,29,1,-60,-23.529,0.1,0.0,0.0,-0.0,-0.0,-37294.0,-2.823529411764706
134.8,29,1,-60,-23.529,0.1,0.0,0.0,-0.0,-0.0,-37294.0,-2.823529411764706
134.9,29,1,-60,-23.529,0.1,0.0,0.0,-0.0,-0.0,-37294.0,-2.823529411764706
135.0,30,0,-80,-31.373,0.1,0.0,0.0,-0.0,-0.0,-37294.0,-3.764705882352941
135.1,30,0,-80,-31.373,0.1,0.0,0.0,-0.0,-0.0,-37294.0,-3.764705882352941
135.2,30,0,-80,-31.373,0.1,0.0,0.0,-0.0,-0.0,-37294.0,-3.764705882352941
135.3,30,0,-80,-31.373,0.1,0.0,0.0,-0.0,-0.0,-37294.0,-3.764705882352941
135.4,30,0,-80,-31.373,0.1,0.0,0.0,-0.0,-0.0,-37294.0,-3.764705882352941
135.5,30,0,-80,-31.373,0.1,0.0,0.0,-0.0,-0.0,-37294.0,-3.764705882352941
135.6,30,0,-80,-31.373,0.1,0.0,0.0,-0.0,-0.0,-37294.0,-3.764705882352941
135.7,30,0,-80,-31.373,0.1,0.0,0.0,-0.0,-0.0,-37294.0,-3.764705882352941
135.8,30,0,-80,-31.373,0.1,0.0,0.0,-0.0,-0.0,-37294.0,-3.764705882352941
135.9,30,0,-80,-31.373,0.1,0.0,0.0,-0.0,-0.0,-37294.0,-3.764705882352941
136.0,30,0,-80,-31.373,0.1,0.0,0.0,-0.0,-0.0,-37294.0,-3.764705882352941
136.1,30,0,-80,-31.373,0.1,0.0,0.0,-0.0,-0.0,-37294.0,-3.764705882352941
136.2,30,0,-80,-31.373,0.1,0.0,0.0,-0.0,-0.0,-37294.0,-3.764705882352941
136.3,30,0,-80,-31.373,0.1,0.0,0.0,-0.0,-0.0,-37294.0,-3.764705882352941
136.4,30,0,-80,-31.373,0.1,0.0,0.0,-0.0,-0.0,-37294.0,-3.764705882352941
136.5,30,0,-80,-31.373,0.1,0.0,0.0,-0.0,-0.0,-37294.0,-3.764705882352941
136.6,30,0,-80,-31.373,0.1,0.0,0.0,-0.0,-0.0,-37294.0,-3.764705882352941
136.7,30,0,-80,-31.373,0.1,0.0,0.0,-0.0,-0.0,-37294.0,-3.764705882352941
136.8,30,0,-80,-31.373,0.1,0.0,0.0,-0.0,-0.0,-37294.0,-3.764705882352941
136.9,30,0,-80,-31.373,0.1,0.0,0.0,-0.0,-0.0,-37294.0,-3.764705882352941
137.0,30,0,-80,-31.373,0.1,0.0,0.0,-0.0,-0.0,-37294.0,-3.764705882352941
137.1,30,0,-80,-31.373,0.1,0.0,0.0,-0.0,-0.0,-37294.0,-3.764705882352941
137.2,30,0,-80,-31.373,0.1,0.0,0.0,-0.0,-0.0,-37294.0,-3.764705882352941
137.3,30,0,-80,-31.373,0.1,0.0,0.0,-0.0,-0.0,-37294.0,-3.764705882352941
137.4,30,0,-80,-31.373,0.1,0.0,0.0,-0.0,-0.0,-37294.0,-3.764705882352941
137.5,30,1,-80,-31.373,0.1,0.0,0.0,-0.0,-0.0,-37294.0,-3.764705882352941
137.6,30,1,-80,-31.373,0.1,0.0,0.0,-0.0,-0.0,-37294.0,-3.764705882352941
137.7,30,1,-80,-31.373,0.1,0.0,0.0,-0.0,-0.0,-37294.0,-3.764705882352941
137.8,30,1,-80,-31.373,0.1,0.0,0.0,-0.0,-0.0,-37294.0,-3.764705882352941
137.9,30,1,-80,-31.373,0.1,0.0,0.0,-0.0,-0.0,-37294.0,-3.764705882352941
138.0,30,1,-80,-31.373,0.1,0.0,0.0,-0.0,-0.0,-37294.0,-3.764705882352941
138.1,30,1,-80,-31.373,0.1,0.0,0.0,-0.0,-0.0,-37294.0,-3.764705882352941
138.2,30,1,-80,-31.373,0.1,0.0,0.0,-0.0,-0.0,-37294.0,-3.764705882352941
138.3,30,1,-80,-31.373,0.1,0.0,0.0,-0.0,-0.0,-37294.0,-3.764705882352941
138.4,30,1,-80,-31.373,0.1,0.0,0.0,-0.0,-0.0,-37294.0,-3.764705882352941
138.5,30,1,-80,-31.373,0.1,0.0,0.0,-0.0,-0.0,-37294.0,-3.764705882352941
138.6,30,1,-80,-31.373,0.1,0.0,0.0,-0.0,-0.0,-37294.0,-3.764705882352941
138.7,30,1,-80,-31.373,0.1,0.0,0.0,-0.0,-0.0,-37294.0,-3.764705882352941
138.8,30,1,-80,-31.373,0.1,0.0,0.0,-0.0,-0.0,-37294.0,-3.764705882352941
138.9,30,1,-80,-31.373,0.1,0.0,0.0,-0.0,-0.0,-37294.0,-3.764705882352941
139.0,30,1,-80,-31.373,0.1,0.0,0.0,-0.0,-0.0,-37294.0,-3.764705882352941
139.1,30,1,-80,-31.373,0.1,0.0,0.0,-0.0,-0.0,-37294.0,-3.764705882352941
139.2,30,1,-80,-31.373,0.1,0.0,0.0,-0.0,-0.0,-37294.0,-3.764705882352941
139.3,30,1,-80,-31.373,0.1,0.0,0.0,-0.0,-0.0,-37294.0,-3.764705882352941
139.4,30,1,-80,-31.373,0.1,0.0,0.0,-0.0,-0.0,-37294.0,-3.764705882352941
139.5,31,0,-100,-39.216,0.1,0.0,0.0,-0.0,-0.0,-37294.0,-4.705882352941177
139.6,31,0,-100,-39.216,0.1,0.0,0.0,-0.0,-0.0,-37294.0,-4.705882352941177
139.7,31,0,-100,-39.216,0.1,0.0,0.0,-0.0,-0.0,-37294.0,-4.705882352941177
139.8,31,0,-100,-39.216,0.1,0.0,0.0,-0.0,-0.0,-37294.0,-4.705882352941177
139.9,31,0,-100,-39.216,0.1,0.0,0.0,-0.0,-0.0,-37294.0,-4.705882352941177
140.0,31,0,-100,-39.216,0.1,0.0,0.0,-0.0,-0.0,-37294.0,-4.705882352941177
140.1,31,0,-100,-39.216,0.1,0.0,0.0,-0.0,-0.0,-37294.0,-4.705882352941177
140.2,31,0,-100,-39.216,0.1,0.0,0.0,-0.0,-0.0,-37294.0,-4.705882352941177
140.3,31,0,-100,-39.216,0.1,0.0,0.0,-0.0,-0.0,-37294.0,-4.705882352941177
140.4,31,0,-100,-39.216,0.1,0.0,0.0,-0.0,-0.0,-37294.0,-4.705882352941177
140.5,31,0,-100,-39.216,0.1,0.0,0.0,-0.0,-0.0,-37294.0,-4.705882352941177
140.6,31,0,-100,-39.216,0.1,0.0,0.0,-0.0,-0.0,-37294.0,-4.705882352941177
140.7,31,0,-100,-39.216,0.1,0.0,0.0,-0.0,-0.0,-37294.0,-4.705882352941177
140.8,31,0,-100,-39.216,0.1,0.0,0.0,-0.0,-0.0,-37294.0,-4.705882352941177
140.9,31,0,-100,-39.216,0.1,0.0,0.0,-0.0,-0.0,-37294.0,-4.705882352941177
141.0,31,0,-100,-39.216,0.1,0.0,0.0,-0.0,-0.0,-37294.0,-4.705882352941177
141.1,31,0,-100,-39.216,0.1,0.0,0.0,-0.0,-0.0,-37294.0,-4.705882352941177
141.2,31,0,-100,-39.216,0.1,0.0,0.0,-0.0,-0.0,-37294.0,-4.705882352941177
141.3,31,0,-100,-39.216,0.1,0.0,0.0,-0.0,-0.0,-37294.0,-4.705882352941177
141.4,31,0,-100,-39.216,0.1,0.0,0.0,-0.0,-0.0,-37294.0,-4.705882352941177
141.5,31,0,-100,-39.216,0.1,0.0,0.0,-0.0,-0.0,-37294.0,-4.705882352941177
141.6,31,0,-100,-39.216,0.1,0.0,0.0,-0.0,-0.0,-37294.0,-4.705882352941177
141.7,31,0,-100,-39.216,0.1,0.0,0.0,-0.0,-0.0,-37294.0,-4.705882352941177
141.8,31,0,-100,-39.216,0.1,0.0,0.0,-0.0,-0.0,-37294.0,-4.705882352941177
141.9,31,0,-100,-39.216,0.1,0.0,0.0,-0.0,-0.0,-37294.0,-4.705882352941177
142.0,31,1,-100,-39.216,0.1,0.0,0.0,-0.0,-0.0,-37294.0,-4.705882352941177
142.1,31,1,-100,-39.216,0.1,0.0,0.0,-0.0,-0.0,-37294.0,-4.705882352941177
142.2,31,1,-100,-39.216,0.1,0.0,0.0,-0.0,-0.0,-37294.0,-4.705882352941177
142.3,31,1,-100,-39.216,0.1,0.0,0.0,-0.0,-0.0,-37294.0,-4.705882352941177
142.4,31,1,-100,-39.216,0.1,0.0,0.0,-0.0,-0.0,-37294.0,-4.705882352941177
142.5,31,1,-100,-39.216,0.1,0.0,0.0,-0.0,-0.0,-37294.0,-4.705882352941177
142.6,31,1,-100,-39.216,0.1,0.0,0.0,-0.0,-0.0,-37294.0,-4.705882352941177
142.7,31,1,-100,-39.216,0.1,0.0,0.0,-0.0,-0.0,-37294.0,-4.705882352941177
142.8,31,1,-100,-39.216,0.1,0.0,0.0,-0.0,-0.0,-37294.0,-4.705882352941177
142.9,31,1,-100,-39.216,0.1,0.0,0.0,-0.0,-0.0,-37294.0,-4.705882352941177
143.0,31,1,-100,-39.216,0.1,0.0,0.0,-0.0,-0.0,-37294.0,-4.705882352941177
143.1,31,1,-100,-39.216,0.1,0.0,0.0,-0.0,-0.0,-37294.0,-4.705882352941177
143.2,31,1,-100,-39.216,0.1,0.0,0.0,-0.0,-0.0,-37294.0,-4.705882352941177
143.3,31,1,-100,-39.216,0.1,0.0,0.0,-0.0,-0.0,-37294.0,-4.705882352941177
143.4,31,1,-100,-39.216,0.1,0.0,0.0,-0.0,-0.0,-37294.0,-4.705882352941177
143.5,31,1,-100,-39.216,0.1,0.0,0.0,-0.0,-0.0,-37294.0,-4.705882352941177
143.6,31,1,-100,-39.216,0.1,0.0,0.0,-0.0,-0.0,-37294.0,-4.705882352941177
143.7,31,1,-100,-39.216,0.1,0.0,0.0,-0.0,-0.0,-37294.0,-4.705882352941177
143.8,31,1,-100,-39.216,0.1,0.0,0.0,-0.0,-0.0,-37294.0,-4.705882352941177
143.9,31,1,-100,-39.216,0.1,0.0,0.0,-0.0,-0.0,-37294.0,-4.705882352941177
144.0,32,0,-120,-47.059,0.1,0.0,0.0,-0.0,-0.0,-37294.0,-5.647058823529412
144.1,32,0,-120,-47.059,0.1,0.0,0.0,-0.0,-0.0,-37294.0,-5.647058823529412
144.2,32,0,-120,-47.059,0.1,0.0,0.0,-0.0,-0.0,-37294.0,-5.647058823529412
144.3,32,0,-120,-47.059,0.1,0.0,0.0,-0.0,-0.0,-37294.0,-5.647058823529412
144.4,32,0,-120,-47.059,0.1,0.0,0.0,-0.0,-0.0,-37294.0,-5.647058823529412
144.5,32,0,-120,-47.059,0.1,0.0,0.0,-0.0,-0.0,-37294.0,-5.647058823529412
144.6,32,0,-120,-47.059,0.1,0.0,0.0,-0.0,-0.0,-37294.0,-5.647058823529412
144.7,32,0,-120,-47.059,0.1,0.0,0.0,-0.0,-0.0,-37294.0,-5.647058823529412
144.8,32,0,-120,-47.059,0.1,0.0,0.0,-0.0,-0.0,-37294.0,-5.647058823529412
144.9,32,0,-120,-47.059,0.1,0.0,0.0,-0.0,-0.0,-37294.0,-5.647058823529412
145.0,32,0,-120,-47.059,0.1,0.0,0.0,-0.0,-0.0,-37294.0,-5.647058823529412
145.1,32,0,-120,-47.059,0.1,0.0,0.0,-0.0,-0.0,-37294.0,-5.647058823529412
145.2,32,0,-120,-47.059,0.1,0.0,0.0,-0.0,-0.0,-37294.0,-5.647058823529412
145.3,32,0,-120,-47.059,0.1,0.0,0.0,-0.0,-0.0,-37294.0,-5.647058823529412
145.4,32,0,-120,-47.059,0.1,0.0,0.0,-0.0,-0.0,-37294.0,-5.647058823529412
145.5,32,0,-120,-47.059,0.1,0.0,0.0,-0.0,-0.0,-37294.0,-5.647058823529412
145.6,32,0,-120,-47.059,0.1,0.0,0.0,-0.0,-0.0,-37294.0,-5.647058823529412
145.7,32,0,-120,-47.059,0.1,0.0,0.0,-0.0,-0.0,-37294.0,-5.647058823529412
145.8,32,0,-120,-47.059,0.1,0.0,0.0,-0.0,-0.0,-37294.0,-5.647058823529412
145.9,32,0,-120,-47.059,0.1,0.0,0.0,-0.0,-0.0,-37294.0,-5.647058823529412
146.0,32,0,-120,-47.059,0.1,0.0,0.0,-0.0,-0.0,-37294.0,-5.647058823529412
146.1,32,0,-120,-47.059,0.1,0.0,0.0,-0.0,-0.0,-37294.0,-5.647058823529412
146.2,32,0,-120,-47.059,0.1,0.0,0.0,-0.0,-0.0,-37294.0,-5.647058823529412
146.3,32,0,-120,-47.059,0.1,0.0,0.0,-0.0,-0.0,-37294.0,-5.647058823529412
146.4,32,0,-120,-47.059,0.1,0.0,0.0,-0.0,-0.0,-37294.0,-5.647058823529412
146.5,32,1,-120,-47.059,0.1,0.0,0.0,-0.0,-0.0,-37294.0,-5.647058823529412
146.6,32,1,-120,-47.059,0.1,0.0,0.0,-0.0,-0.0,-37294.0,-5.647058823529412
146.7,32,1,-120,-47.059,0.1,0.0,0.0,-0.0,-0.0,-37294.0,-5.647058823529412
146.8,32,1,-120,-47.059,0.1,0.0,0.0,-0.0,-0.0,-37294.0,-5.647058823529412
146.9,32,1,-120,-47.059,0.1,0.0,0.0,-0.0,-0.0,-37294.0,-5.647058823529412
147.0,32,1,-120,-47.059,0.1,0.0,0.0,-0.0,-0.0,-37294.0,-5.647058823529412
147.1,32,1,-120,-47.059,0.1,0.0,0.0,-0.0,-0.0,-37294.0,-5.647058823529412
147.2,32,1,-120,-47.059,0.1,0.0,0.0,-0.0,-0.0,-37294.0,-5.647058823529412
147.3,32,1,-120,-47.059,0.1,0.0,0.0,-0.0,-0.0,-37294.0,-5.647058823529412
147.4,32,1,-120,-47.059,0.1,0.0,0.0,-0.0,-0.0,-37294.0,-5.647058823529412
147.5,32,1,-120,-47.059,0.1,0.0,0.0,-0.0,-0.0,-37294.0,-5.647058823529412
147.6,32,1,-120,-47.059,0.1,0.0,0.0,-0.0,-0.0,-37294.0,-5.647058823529412
147.7,32,1,-120,-47.059,0.1,0.0,0.0,-0.0,-0.0,-37294.0,-5.647058823529412
147.8,32,1,-120,-47.059,0.1,0.0,0.0,-0.0,-0.0,-37294.0,-5.647058823529412
147.9,32,1,-120,-47.059,0.1,0.0,0.0,-0.0,-0.0,-37294.0,-5.647058823529412
148.0,32,1,-120,-47.059,0.1,0.0,0.0,-0.0,-0.0,-37294.0,-5.647058823529412
148.1,32,1,-120,-47.059,0.1,0.0,0.0,-0.0,-0.0,-37294.0,-5.647058823529412
148.2,32,1,-120,-47.059,0.1,0.0,0.0,-0.0,-0.0,-37294.0,-5.647058823529412
148.3,32,1,-120,-47.059,0.1,0.0,0.0,-0.0,-0.0,-37294.0,-5.647058823529412
148.4,32,1,-120,-47.059,0.1,0.0,0.0,-0.0,-0.0,-37294.0,-5.647058823529412
148.5,33,0,-140,-54.902,0.1,0.0,0.0,-0.0,-0.0,-37294.0,-6.588235294117647
148.6,33,0,-140,-54.902,0.1,0.0,0.0,-0.0,-0.0,-37294.0,-6.588235294117647
148.7,33,0,-140,-54.902,0.1,0.0,0.0,-0.0,-0.0,-37294.0,-6.588235294117647
148.8,33,0,-140,-54.902,0.1,0.0,0.0,-0.0,-0.0,-37294.0,-6.588235294117647
148.9,33,0,-140,-54.902,0.1,0.0,0.0,-0.0,-0.0,-37294.0,-6.588235294117647
149.0,33,0,-140,-54.902,0.1,0.0,0.0,-0.0,-0.0,-37294.0,-6.588235294117647
149.1,33,0,-140,-54.902,0.1,0.0,0.0,-0.0,-0.0,-37294.0,-6.588235294117647
149.2,33,0,-140,-54.902,0.1,0.0,0.0,-0.0,-0.0,-37294.0,-6.588235294117647
149.3,33,0,-140,-54.902,0.1,0.0,0.0,-0.0,-0.0,-37294.0,-6.588235294117647
149.4,33,0,-140,-54.902,0.1,0.0,0.0,-0.0,-0.0,-37294.0,-6.588235294117647
149.5,33,0,-140,-54.902,0.1,0.0,0.0,-0.0,-0.0,-37294.0,-6.588235294117647
149.6,33,0,-140,-54.902,0.1,0.0,0.0,-0.0,-0.0,-37294.0,-6.588235294117647
149.7,33,0,-140,-54.902,0.1,0.0,0.0,-0.0,-0.0,-37294.0,-6.588235294117647
149.8,33,0,-140,-54.902,0.1,0.0,0.0,-0.0,-0.0,-37294.0,-6.588235294117647
149.9,33,0,-140,-54.902,0.1,0.0,0.0,-0.0,-0.0,-37294.0,-6.588235294117647
150.0,33,0,-140,-54.902,0.1,0.0,0.0,-0.0,-0.0,-37294.0,-6.588235294117647
150.1,33,0,-140,-54.902,0.1,0.0,0.0,-0.0,-0.0,-37294.0,-6.588235294117647
150.2,33,0,-140,-54.902,0.1,0.0,0.0,-0.0,-0.0,-37294.0,-6.588235294117647
150.3,33,0,-140,-54.902,0.1,0.0,0.0,-0.0,-0.0,-37294.0,-6.588235294117647
150.4,33,0,-140,-54.902,0.1,0.0,0.0,-0.0,-0.0,-37294.0,-6.588235294117647
150.5,33,0,-140,-54.902,0.1,0.0,0.0,-0.0,-0.0,-37294.0,-6.588235294117647
150.6,33,0,-140,-54.902,0.1,0.0,0.0,-0.0,-0.0,-37294.0,-6.588235294117647
150.7,33,0,-140,-54.902,0.1,0.0,0.0,-0.0,-0.0,-37294.0,-6.588235294117647
150.8,33,0,-140,-54.902,0.1,0.0,0.0,-0.0,-0.0,-37294.0,-6.588235294117647
150.9,33,0,-140,-54.902,0.1,0.0,0.0,-0.0,-0.0,-37294.0,-6.588235294117647
151.0,33,1,-140,-54.902,0.1,0.0,0.0,-0.0,-0.0,-37294.0,-6.588235294117647
151.1,33,1,-140,-54.902,0.1,0.0,0.0,-0.0,-0.0,-37294.0,-6.588235294117647
151.2,33,1,-140,-54.902,0.1,0.0,0.0,-0.0,-0.0,-37294.0,-6.588235294117647
151.3,33,1,-140,-54.902,0.1,0.0,0.0,-0.0,-0.0,-37294.0,-6.588235294117647
151.4,33,1,-140,-54.902,0.1,0.0,0.0,-0.0,-0.0,-37294.0,-6.588235294117647
151.5,33,1,-140,-54.902,0.1,0.0,0.0,-0.0,-0.0,-37294.0,-6.588235294117647
151.6,33,1,-140,-54.902,0.1,0.0,0.0,-0.0,-0.0,-37294.0,-6.588235294117647
151.7,33,1,-140,-54.902,0.1,0.0,0.0,-0.0,-0.0,-37294.0,-6.588235294117647
151.8,33,1,-140,-54.902,0.1,0.0,0.0,-0.0,-0.0,-37294.0,-6.588235294117647
151.9,33,1,-140,-54.902,0.1,0.0,0.0,-0.0,-0.0,-37294.0,-6.588235294117647
152.0,33,1,-140,-54.902,0.1,0.0,0.0,-0.0,-0.0,-37294.0,-6.588235294117647
152.1,33,1,-140,-54.902,0.1,0.0,0.0,-0.0,-0.0,-37294.0,-6.588235294117647
152.2,33,1,-140,-54.902,0.1,0.0,0.0,-0.0,-0.0,-37294.0,-6.588235294117647
152.3,33,1,-140,-54.902,0.1,0.0,0.0,-0.0,-0.0,-37294.0,-6.588235294117647
152.4,33,1,-140,-54.902,0.1,0.0,0.0,-0.0,-0.0,-37294.0,-6.588235294117647
152.5,33,1,-140,-54.902,0.1,0.0,0.0,-0.0,-0.0,-37294.0,-6.588235294117647
152.6,33,1,-140,-54.902,0.1,0.0,0.0,-0.0,-0.0,-37294.0,-6.588235294117647
152.7,33,1,-140,-54.902,0.1,0.0,0.0,-0.0,-0.0,-37294.0,-6.588235294117647
152.8,33,1,-140,-54.902,0.1,0.0,0.0,-0.0,-0.0,-37294.0,-6.588235294117647
152.9,33,1,-140,-54.902,0.1,0.0,0.0,-0.0,-0.0,-37294.0,-6.588235294117647
153.0,34,0,-160,-62.745,0.1,0.0,0.0,-0.0,-0.0,-37294.0,-7.529411764705882
153.1,34,0,-160,-62.745,0.1,14.0,-2.443461,-0.610865,-5.8333,-37280.0,-7.529411764705882
153.2,34,0,-160,-62.745,0.1,22.0,-3.839724,-1.41808,-13.5417,-37258.0,-7.529411764705882
153.3,34,0,-160,-62.745,0.1,23.0,-4.014257,-2.067124,-19.7396,-37235.0,-7.529411764705882
153.4,34,0,-160,-62.745,0.1,23.0,-4.014257,-2.553908,-24.388,-37212.0,-7.529411764705882
153.5,34,0,-160,-62.745,0.1,24.0,-4.18879,-2.962628,-28.291,-37188.0,-7.529411764705882
153.6,34,0,-160,-62.745,0.1,24.0,-4.18879,-3.269169,-31.2183,-37164.0,-7.529411764705882
153.7,34,0,-160,-62.745,0.1,23.0,-4.014257,-3.455441,-32.997,-37141.0,-7.529411764705882
153.8,34,0,-160,-62.745,0.1,24.0,-4.18879,-3.638778,-34.7478,-37117.0,-7.529411764705882
153.9,34,0,-160,-62.745,0.1,24.0,-4.18879,-3.776281,-36.0608,-37093.0,-7.529411764705882
154.0,34,0,-160,-62.745,0.1,23.0,-4.014257,-3.835775,-36.629,-37070.0,-7.529411764705882
154.1,34,0,-160,-62.745,0.1,24.0,-4.18879,-3.924029,-37.4717,-37046.0,-7.529411764705882
154.2,34,0,-160,-62.745,0.1,24.0,-4.18879,-3.990219,-38.1038,-37022.0,-7.529411764705882
154.3,34,0,-160,-62.745,0.1,24.0,-4.18879,-4.039862,-38.5778,-36998.0,-7.529411764705882
154.4,34,0,-160,-62.745,0.1,23.0,-4.014257,-4.033461,-38.5167,-36975.0,-7.529411764705882
154.5,34,0,-160,-62.745,0.1,24.0,-4.18879,-4.072293,-38.8875,-36951.0,-7.529411764705882
154.6,34,0,-160,-62.745,0.1,23.0,-4.014257,-4.057784,-38.749,-36928.0,-7.529411764705882
154.7,34,0,-160,-62.745,0.1,24.0,-4.18879,-4.090536,-39.0617,-36904.0,-7.529411764705882
154.8,34,0,-160,-62.745,0.1,24.0,-4.18879,-4.115099,-39.2963,-36880.0,-7.529411764705882
154.9,34,0,-160,-62.745,0.1,24.0,-4.18879,-4.133522,-39.4722,-36856.0,-7.529411764705882
155.0,34,0,-160,-62.745,0.1,24.0,-4.18879,-4.147339,-39.6042,-36832.0,-7.529411764705882
155.1,34,0,-160,-62.745,0.1,24.0,-4.18879,-4.157701,-39.7031,-36808.0,-7.529411764705882
155.2,34,0,-160,-62.745,0.1,24.0,-4.18879,-4.165474,-39.7773,-36784.0,-7.529411764705882
155.3,34,0,-160,-62.745,0.1,23.0,-4.014257,-4.12767,-39.4163,-36761.0,-7.529411764705882
155.4,34,0,-160,-62.745,0.1,24.0,-4.18879,-4.14295,-39.5623,-36737.0,-7.529411764705882
155.5,34,1,-160,-62.745,0.1,24.0,-4.18879,-4.15441,-39.6717,-36713.0,-7.529411764705882
155.6,34,1,-160,-62.745,0.1,24.0,-4.18879,-4.163005,-39.7538,-36689.0,-7.529411764705882
155.7,34,1,-160,-62.745,0.1,24.0,-4.18879,-4.169452,-39.8153,-36665.0,-7.529411764705882
155.8,34,1,-160,-62.745,0.1,24.0,-4.18879,-4.174286,-39.8615,-36641.0,-7.529411764705882
155.9,34,1,-160,-62.745,0.1,24.0,-4.18879,-4.177913,-39.8961,-36617.0,-7.529411764705882
156.0,34,1,-160,-62.745,0.1,24.0,-4.18879,-4.180632,-39.9221,-36593.0,-7.529411764705882
156.1,34,1,-160,-62.745,0.1,24.0,-4.18879,-4.182672,-39.9416,-36569.0,-7.529411764705882
156.2,34,1,-160,-62.745,0.1,24.0,-4.18879,-4.184201,-39.9562,-36545.0,-7.529411764705882
156.3,34,1,-160,-62.745,0.1,25.0,-4.363323,-4.228982,-40.3838,-36520.0,-7.529411764705882
156.4,34,1,-160,-62.745,0.1,24.0,-4.18879,-4.218934,-40.2879,-36496.0,-7.529411764705882
156.5,34,1,-160,-62.745,0.1,24.0,-4.18879,-4.211398,-40.2159,-36472.0,-7.529411764705882
156.6,34,1,-160,-62.745,0.1,24.0,-4.18879,-4.205746,-40.1619,-36448.0,-7.529411764705882
156.7,34,1,-160,-62.745,0.1,24.0,-4.18879,-4.201508,-40.1214,-36424.0,-7.529411764705882
156.8,34,1,-160,-62.745,0.1,24.0,-4.18879,-4.198328,-40.0911,-36400.0,-7.529411764705882
156.9,34,1,-160,-62.745,0.1,24.0,-4.18879,-4.195944,-40.0683,-36376.0,-7.529411764705882
157.0,34,1,-160,-62.745,0.1,24.0,-4.18879,-4.194156,-40.0512,-36352.0,-7.529411764705882
157.1,34,1,-160,-62.745,0.1,24.0,-4.18879,-4.192814,-40.0384,-36328.0,-7.529411764705882
157.2,34,1,-160,-62.745,0.1,25.0,-4.363323,-4.235442,-40.4455,-36303.0,-7.529411764705882
157.3,34,1,-160,-62.745,0.1,24.0,-4.18879,-4.223779,-40.3341,-36279.0,-7.529411764705882
157.4,34,1,-160,-62.745,0.1,24.0,-4.18879,-4.215032,-40.2506,-36255.0,-7.529411764705882
157.5,35,0,-180,-70.588,0.1,25.0,-4.363323,-4.252105,-40.6046,-36230.0,-8.470588235294118
157.6,35,0,-180,-70.588,0.1,38.0,-6.632251,-4.847141,-46.2868,-36192.0,-8.470588235294118
157.7,35,0,-180,-70.588,0.1,44.0,-7.679449,-5.555218,-53.0484,-36148.0,-8.470588235294118
157.8,35,0,-180,-70.588,0.1,45.0,-7.853981,-6.129909,-58.5363,-36103.0,-8.470588235294118
157.9,35,0,-180,-70.588,0.1,46.0,-8.028515,-6.60456,-63.0689,-36057.0,-8.470588235294118
158.0,35,0,-180,-70.588,0.1,45.0,-7.853981,-6.916915,-66.0517,-36012.0,-8.470588235294118
158.1,35,0,-180,-70.588,0.1,45.0,-7.853981,-7.151182,-68.2888,-35967.0,-8.470588235294118
158.2,35,0,-180,-70.588,0.1,45.0,-7.853981,-7.326881,-69.9666,-35922.0,-8.470588235294118
158.3,35,0,-180,-70.588,0.1,45.0,-7.853981,-7.458656,-71.2249,-35877.0,-8.470588235294118
158.4,35,0,-180,-70.588,0.1,45.0,-7.853981,-7.557487,-72.1687,-35832.0,-8.470588235294118
158.5,35,0,-180,-70.588,0.1,46.0,-8.028515,-7.675244,-73.2932,-35786.0,-8.470588235294118
158.6,35,0,-180,-70.588,0.1,45.0,-7.853981,-7.719929,-73.7199,-35741.0,-8.470588235294118
158.7,35,0,-180,-70.588,0.1,45.0,-7.853981,-7.753442,-74.0399,-35696.0,-8.470588235294118
158.8,35,0,-180,-70.588,0.1,45.0,-7.853981,-7.778577,-74.2799,-35651.0,-8.470588235294118
158.9,35,0,-180,-70.588,0.1,45.0,-7.853981,-7.797428,-74.46,-35606.0,-8.470588235294118
159.0,35,0,-180,-70.588,0.1,46.0,-8.028515,-7.8552,-75.0116,-35560.0,-8.470588235294118
159.1,35,0,-180,-70.588,0.1,45.0,-7.853981,-7.854895,-75.0087,-35515.0,-8.470588235294118
159.2,35,0,-180,-70.588,0.1,45.0,-7.853981,-7.854667,-75.0065,-35470.0,-8.470588235294118
159.3,35,0,-180,-70.588,0.1,46.0,-8.028515,-7.898129,-75.4216,-35424.0,-8.470588235294118
159.4,35,0,-180,-70.588,0.1,45.0,-7.853981,-7.887092,-75.3162,-35379.0,-8.470588235294118
159.5,35,0,-180,-70.588,0.1,45.0,-7.853981,-7.878814,-75.2371,-35334.0,-8.470588235294118
159.6,35,0,-180,-70.588,0.1,45.0,-7.853981,-7.872605,-75.1778,-35289.0,-8.470588235294118
159.7,35,0,-180,-70.588,0.1,46.0,-8.028515,-7.911583,-75.5501,-35243.0,-8.470588235294118
159.8,35,0,-180,-70.588,0.1,45.0,-7.853981,-7.897182,-75.4125,-35198.0,-8.470588235294118
159.9,35,0,-180,-70.588,0.1,45.0,-7.853981,-7.886382,-75.3094,-35153.0,-8.470588235294118
160.0,35,1,-180,-70.588,0.1,45.0,-7.853981,-7.878282,-75.232,-35108.0,-8.470588235294118
160.1,35,1,-180,-70.588,0.1,46.0,-8.028515,-7.91584,-75.5907,-35062.0,-8.470588235294118
160.2,35,1,-180,-70.588,0.1,45.0,-7.853981,-7.900375,-75.443,-35017.0,-8.470588235294118
160.3,35,1,-180,-70.588,0.1,45.0,-7.853981,-7.888777,-75.3323,-34972.0,-8.470588235294118
160.4,35,1,-180,-70.588,0.1,46.0,-8.028515,-7.923711,-75.6659,-34926.0,-8.470588235294118
160.5,35,1,-180,-70.588,0.1,45.0,-7.853981,-7.906279,-75.4994,-34881.0,-8.470588235294118
160.6,35,1,-180,-70.588,0.1,45.0,-7.853981,-7.893204,-75.3745,-34836.0,-8.470588235294118
160.7,35,1,-180,-70.588,0.1,46.0,-8.028515,-7.927032,-75.6976,-34790.0,-8.470588235294118
160.8,35,1,-180,-70.588,0.1,45.0,-7.853981,-7.908769,-75.5232,-34745.0,-8.470588235294118
160.9,35,1,-180,-70.588,0.1,45.0,-7.853981,-7.895072,-75.3924,-34700.0,-8.470588235294118
161.0,35,1,-180,-70.588,0.1,46.0,-8.028515,-7.928432,-75.711,-34654.0,-8.470588235294118
161.1,35,1,-180,-70.588,0.1,45.0,-7.853981,-7.90982,-75.5332,-34609.0,-8.470588235294118
161.2,35,1,-180,-70.588,0.1,45.0,-7.853981,-7.89586,-75.3999,-34564.0,-8.470588235294118
161.3,35,1,-180,-70.588,0.1,46.0,-8.028515,-7.929024,-75.7166,-34518.0,-8.470588235294118
161.4,35,1,-180,-70.588,0.1,45.0,-7.853981,-7.910263,-75.5374,-34473.0,-8.470588235294118
161.5,35,1,-180,-70.588,0.1,45.0,-7.853981,-7.896193,-75.4031,-34428.0,-8.470588235294118
161.6,35,1,-180,-70.588,0.1,46.0,-8.028515,-7.929273,-75.719,-34382.0,-8.470588235294118
161.7,35,1,-180,-70.588,0.1,45.0,-7.853981,-7.91045,-75.5392,-34337.0,-8.470588235294118
161.8,35,1,-180,-70.588,0.1,45.0,-7.853981,-7.896333,-75.4044,-34292.0,-8.470588235294118
161.9,35,1,-180,-70.588,0.1,46.0,-8.028515,-7.929379,-75.72,-34246.0,-8.470588235294118
162.0,36,0,-200,-78.431,0.1,45.0,-7.853981,-7.910529,-75.54,-34201.0,-9.411764705882353
162.1,36,0,-200,-78.431,0.1,60.0,-10.471975,-8.55089,-81.655,-34141.0,-9.411764705882353
162.2,36,0,-200,-78.431,0.1,67.0,-11.693706,-9.336594,-89.1579,-34074.0,-9.411764705882353
162.3,36,0,-200,-78.431,0.1,68.0,-11.868238,-9.969505,-95.2018,-34006.0,-9.411764705882353
162.4,36,0,-200,-78.431,0.1,68.0,-11.868238,-10.444189,-99.7347,-33938.0,-9.411764705882353
162.5,36,0,-200,-78.431,0.1,68.0,-11.868238,-10.800201,-103.1343,-33870.0,-9.411764705882353
162.6,36,0,-200,-78.431,0.1,68.0,-11.868238,-11.067211,-105.6841,-33802.0,-9.411764705882353
162.7,36,0,-200,-78.431,0.1,69.0,-12.042772,-11.311102,-108.0131,-33733.0,-9.411764705882353
162.8,36,0,-200,-78.431,0.1,68.0,-11.868238,-11.450386,-109.3431,-33665.0,-9.411764705882353
162.9,36,0,-200,-78.431,0.1,68.0,-11.868238,-11.55485,-110.3407,-33597.0,-9.411764705882353
163.0,36,0,-200,-78.431,0.1,68.0,-11.868238,-11.633198,-111.0889,-33529.0,-9.411764705882353
163.1,36,0,-200,-78.431,0.1,69.0,-12.042772,-11.735592,-112.0666,-33460.0,-9.411764705882353
163.2,36,0,-200,-78.431,0.1,68.0,-11.868238,-11.768753,-112.3833,-33392.0,-9.411764705882353
163.3,36,0,-200,-78.431,0.1,68.0,-11.868238,-11.793625,-112.6208,-33324.0,-9.411764705882353
163.4,36,0,-200,-78.431,0.1,68.0,-11.868238,-11.812279,-112.7989,-33256.0,-9.411764705882353
163.5,36,0,-200,-78.431,0.1,69.0,-12.042772,-11.869902,-113.3492,-33187.0,-9.411764705882353
163.6,36,0,-200,-78.431,0.1,68.0,-11.868238,-11.869486,-113.3452,-33119.0,-9.411764705882353
163.7,36,0,-200,-78.431,0.1,69.0,-12.042772,-11.912807,-113.7589,-33050.0,-9.411764705882353
163.8,36,0,-200,-78.431,0.1,68.0,-11.868238,-11.901665,-113.6525,-32982.0,-9.411764705882353
163.9,36,0,-200,-78.431,0.1,68.0,-11.868238,-11.893309,-113.5727,-32914.0,-9.411764705882353
164.0,36,0,-200,-78.431,0.1,68.0,-11.868238,-11.887041,-113.5129,-32846.0,-9.411764705882353
164.1,36,0,-200,-78.431,0.1,68.0,-11.868238,-11.882341,-113.468,-32778.0,-9.411764705882353
164.2,36,0,-200,-78.431,0.1,69.0,-12.042772,-11.922449,-113.851,-32709.0,-9.411764705882353
164.3,36,0,-200,-78.431,0.1,68.0,-11.868238,-11.908897,-113.7216,-32641.0,-9.411764705882353
164.4,36,0,-200,-78.431,0.1,69.0,-12.042772,-11.942366,-114.0412,-32572.0,-9.411764705882353
164.5,36,1,-200,-78.431,0.1,68.0,-11.868238,-11.923834,-113.8642,-32504.0,-9.411764705882353
164.6,36,1,-200,-78.431,0.1,68.0,-11.868238,-11.909935,-113.7315,-32436.0,-9.411764705882353
164.7,36,1,-200,-78.431,0.1,68.0,-11.868238,-11.899511,-113.632,-32368.0,-9.411764705882353
164.8,36,1,-200,-78.431,0.1,69.0,-12.042772,-11.935326,-113.974,-32299.0,-9.411764705882353
164.9,36,1,-200,-78.431,0.1,68.0,-11.868238,-11.918554,-113.8138,-32231.0,-9.411764705882353
165.0,36,1,-200,-78.431,0.1,69.0,-12.042772,-11.949608,-114.1103,-32162.0,-9.411764705882353
165.1,36,1,-200,-78.431,0.1,68.0,-11.868238,-11.929266,-113.9161,-32094.0,-9.411764705882353
165.2,36,1,-200,-78.431,0.1,68.0,-11.868238,-11.914009,-113.7704,-32026.0,-9.411764705882353
165.3,36,1,-200,-78.431,0.1,68.0,-11.868238,-11.902567,-113.6611,-31958.0,-9.411764705882353
165.4,36,1,-200,-78.431,0.1,69.0,-12.042772,-11.937618,-113.9959,-31889.0,-9.411764705882353
165.5,36,1,-200,-78.431,0.1,68.0,-11.868238,-11.920273,-113.8302,-31821.0,-9.411764705882353
165.6,36,1,-200,-78.431,0.1,69.0,-12.042772,-11.950897,-114.1227,-31752.0,-9.411764705882353
165.7,36,1,-200,-78.431,0.1,68.0,-11.868238,-11.930233,-113.9253,-31684.0,-9.411764705882353
165.8,36,1,-200,-78.431,0.1,68.0,-11.868238,-11.914734,-113.7773,-31616.0,-9.411764705882353
165.9,36,1,-200,-78.431,0.1,68.0,-11.868238,-11.903111,-113.6663,-31548.0,-9.411764705882353
166.0,36,1,-200,-78.431,0.1,69.0,-12.042772,-11.938026,-113.9998,-31479.0,-9.411764705882353
166.1,36,1,-200,-78.431,0.1,68.0,-11.868238,-11.92058,-113.8332,-31411.0,-9.411764705882353
166.2,36,1,-200,-78.431,0.1,69.0,-12.042772,-11.951128,-114.1249,-31342.0,-9.411764705882353
166.3,36,1,-200,-78.431,0.1,68.0,-11.868238,-11.930407,-113.927,-31274.0,-9.411764705882353
166.4,36,1,-200,-78.431,0.1,68.0,-11.868238,-11.914865,-113.7786,-31206.0,-9.411764705882353
166.5,37,0,-220,-86.275,0.1,69.0,-12.042772,-11.946842,-114.0839,-31137.0,-10.352941176470589
166.6,37,0,-220,-86.275,0.1,83.0,-14.486233,-12.58169,-120.1463,-31054.0,-10.352941176470589
166.7,37,0,-220,-86.275,0.1,91.0,-15.882496,-13.406892,-128.0264,-30963.0,-10.352941176470589
166.8,37,0,-220,-86.275,0.1,92.0,-16.05703,-14.069427,-134.3531,-30871.0,-10.352941176470589
166.9,37,0,-220,-86.275,0.1,93.0,-16.231562,-14.609961,-139.5149,-30778.0,-10.352941176470589
167.0,37,0,-220,-86.275,0.1,93.0,-16.231562,-15.01536,-143.3861,-30685.0,-10.352941176470589
167.1,37,0,-220,-86.275,0.1,93.0,-16.231562,-15.31941,-146.2896,-30592.0,-10.352941176470589
167.2,37,0,-220,-86.275,0.1,92.0,-16.05703,-15.503815,-148.0505,-30500.0,-10.352941176470589
167.3,37,0,-220,-86.275,0.1,93.0,-16.231562,-15.685751,-149.7879,-30407.0,-10.352941176470589
167.4,37,0,-220,-86.275,0.1,93.0,-16.231562,-15.822203,-151.0909,-30314.0,-10.352941176470589
167.5,37,0,-220,-86.275,0.1,93.0,-16.231562,-15.924541,-152.0682,-30221.0,-10.352941176470589
167.6,37,0,-220,-86.275,0.1,93.0,-16.231562,-16.001297,-152.8011,-30128.0,-10.352941176470589
167.7,37,0,-220,-86.275,0.1,92.0,-16.05703,-16.01523,-152.9342,-30036.0,-10.352941176470589
167.8,37,0,-220,-86.275,0.1,93.0,-16.231562,-16.069313,-153.4506,-29943.0,-10.352941176470589
167.9,37,0,-220,-86.275,0.1,93.0,-16.231562,-16.109875,-153.838,-29850.0,-10.352941176470589
168.0,37,0,-220,-86.275,0.1,93.0,-16.231562,-16.140297,-154.1285,-29757.0,-10.352941176470589
168.1,37,0,-220,-86.275,0.1,93.0,-16.231562,-16.163113,-154.3464,-29664.0,-10.352941176470589
168.2,37,0,-220,-86.275,0.1,92.0,-16.05703,-16.136593,-154.0931,-29572.0,-10.352941176470589
168.3,37,0,-220,-86.275,0.1,93.0,-16.231562,-16.160336,-154.3198,-29479.0,-10.352941176470589
168.4,37,0,-220,-86.275,0.1,93.0,-16.231562,-16.178143,-154.4899,-29386.0,-10.352941176470589
168.5,37,0,-220,-86.275,0.1,93.0,-16.231562,-16.191498,-154.6174,-29293.0,-10.352941176470589
168.6,37,0,-220,-86.275,0.1,93.0,-16.231562,-16.201513,-154.7131,-29200.0,-10.352941176470589
168.7,37,0,-220,-86.275,0.1,93.0,-16.231562,-16.209024,-154.7848,-29107.0,-10.352941176470589
168.8,37,0,-220,-86.275,0.1,93.0,-16.231562,-16.214659,-154.8386,-29014.0,-10.352941176470589
168.9,37,0,-220,-86.275,0.1,93.0,-16.231562,-16.218884,-154.8789,-28921.0,-10.352941176470589
169.0,37,1,-220,-86.275,0.1,93.0,-16.231562,-16.222054,-154.9092,-28828.0,-10.352941176470589
169.1,37,1,-220,-86.275,0.1,93.0,-16.231562,-16.22443,-154.9319,-28735.0,-10.352941176470589
169.2,37,1,-220,-86.275,0.1,93.0,-16.231562,-16.226213,-154.9489,-28642.0,-10.352941176470589
169.3,37,1,-220,-86.275,0.1,93.0,-16.231562,-16.227551,-154.9617,-28549.0,-10.352941176470589
169.4,37,1,-220,-86.275,0.1,93.0,-16.231562,-16.228554,-154.9713,-28456.0,-10.352941176470589
169.5,37,1,-220,-86.275,0.1,93.0,-16.231562,-16.229305,-154.9784,-28363.0,-10.352941176470589
169.6,37,1,-220,-86.275,0.1,93.0,-16.231562,-16.22987,-154.9838,-28270.0,-10.352941176470589
169.7,37,1,-220,-86.275,0.1,93.0,-16.231562,-16.230293,-154.9879,-28177.0,-10.352941176470589
169.8,37,1,-220,-86.275,0.1,93.0,-16.231562,-16.23061,-154.9909,-28084.0,-10.352941176470589
169.9,37,1,-220,-86.275,0.1,93.0,-16.231562,-16.230848,-154.9932,-27991.0,-10.352941176470589
170.0,37,1,-220,-86.275,0.1,93.0,-16.231562,-16.231026,-154.9949,-27898.0,-10.352941176470589
170.1,37,1,-220,-86.275,0.1,93.0,-16.231562,-16.231159,-154.9962,-27805.0,-10.352941176470589
170.2,37,1,-220,-86.275,0.1,93.0,-16.231562,-16.23126,-154.9971,-27712.0,-10.352941176470589
170.3,37,1,-220,-86.275,0.1,94.0,-16.406096,-16.274969,-155.4145,-27618.0,-10.352941176470589
170.4,37,1,-220,-86.275,0.1,93.0,-16.231562,-16.264116,-155.3109,-27525.0,-10.352941176470589
170.5,37,1,-220,-86.275,0.1,93.0,-16.231562,-16.255978,-155.2331,-27432.0,-10.352941176470589
170.6,37,1,-220,-86.275,0.1,93.0,-16.231562,-16.249874,-155.1749,-27339.0,-10.352941176470589
170.7,37,1,-220,-86.275,0.1,93.0,-16.231562,-16.245296,-155.1312,-27246.0,-10.352941176470589
170.8,37,1,-220,-86.275,0.1,93.0,-16.231562,-16.241863,-155.0984,-27153.0,-10.352941176470589
170.9,37,1,-220,-86.275,0.1,93.0,-16.231562,-16.239288,-155.0738,-27060.0,-10.352941176470589
171.0,38,0,-240,-94.118,0.1,93.0,-16.231562,-16.237356,-155.0553,-26967.0,-11.294117647058824
171.1,38,0,-240,-94.118,0.1,106.0,-18.50049,-16.803139,-160.4582,-26861.0,-11.294117647058824
171.2,38,0,-240,-94.118,0.1,111.0,-19.373156,-17.445642,-166.5936,-26750.0,-11.294117647058824
171.3,38,0,-240,-94.118,0.1,112.0,-19.547688,-17.971153,-171.6119,-26638.0,-11.294117647058824
171.4,38,0,-240,-94.118,0.1,112.0,-19.547688,-18.365288,-175.3756,-26526.0,-11.294117647058824
171.5,38,0,-240,-94.118,0.1,112.0,-19.547688,-18.660889,-178.1984,-26414.0,-11.294117647058824
171.6,38,0,-240,-94.118,0.1,111.0,-19.373156,-18.838955,-179.8988,-26303.0,-11.294117647058824
171.7,38,0,-240,-94.118,0.1,112.0,-19.547688,-19.016138,-181.5907,-26191.0,-11.294117647058824
171.8,38,0,-240,-94.118,0.1,111.0,-19.373156,-19.105392,-182.443,-26080.0,-11.294117647058824
171.9,38,0,-240,-94.118,0.1,112.0,-19.547688,-19.215965,-183.4989,-25968.0,-11.294117647058824
172.0,38,0,-240,-94.118,0.1,112.0,-19.547688,-19.298897,-184.2909,-25856.0,-11.294117647058824
172.1,38,0,-240,-94.118,0.1,112.0,-19.547688,-19.361095,-184.8848,-25744.0,-11.294117647058824
172.2,38,0,-240,-94.118,0.1,111.0,-19.373156,-19.364111,-184.9136,-25633.0,-11.294117647058824
172.3,38,0,-240,-94.118,0.1,112.0,-19.547688,-19.410004,-185.3519,-25521.0,-11.294117647058824
172.4,38,0,-240,-94.118,0.1,112.0,-19.547688,-19.444424,-185.6806,-25409.0,-11.294117647058824
172.5,38,0,-240,-94.118,0.1,111.0,-19.373156,-19.426607,-185.5104,-25298.0,-11.294117647058824
172.6,38,0,-240,-94.118,0.1,112.0,-19.547688,-19.456879,-185.7995,-25186.0,-11.294117647058824
172.7,38,0,-240,-94.118,0.1,112.0,-19.547688,-19.47958,-186.0163,-25074.0,-11.294117647058824
172.8,38,0,-240,-94.118,0.1,112.0,-19.547688,-19.496607,-186.1789,-24962.0,-11.294117647058824
172.9,38,0,-240,-94.118,0.1,111.0,-19.373156,-19.465744,-185.8842,-24851.0,-11.294117647058824
173.0,38,0,-240,-94.118,0.1,112.0,-19.547688,-19.486229,-186.0798,-24739.0,-11.294117647058824
173.1,38,0,-240,-94.118,0.1,112.0,-19.547688,-19.501595,-186.2265,-24627.0,-11.294117647058824
173.2,38,0,-240,-94.118,0.1,111.0,-19.373156,-19.469484,-185.9199,-24516.0,-11.294117647058824
173.3,38,0,-240,-94.118,0.1,112.0,-19.547688,-19.489037,-186.1066,-24404.0,-11.294117647058824
173.4,38,0,-240,-94.118,0.1,112.0,-19.547688,-19.5037,-186.2466,-24292.0,-11.294117647058824
173.5,38,1,-240,-94.118,0.1,112.0,-19.547688,-19.514698,-186.3516,-24180.0,-11.294117647058824
173.6,38,1,-240,-94.118,0.1,112.0,-19.547688,-19.522945,-186.4304,-24068.0,-11.294117647058824
173.7,38,1,-240,-94.118,0.1,111.0,-19.373156,-19.485498,-186.0728,-23957.0,-11.294117647058824
173.8,38,1,-240,-94.118,0.1,112.0,-19.547688,-19.501045,-186.2213,-23845.0,-11.294117647058824
173.9,38,1,-240,-94.118,0.1,112.0,-19.547688,-19.512707,-186.3326,-23733.0,-11.294117647058824
174.0,38,1,-240,-94.118,0.1,111.0,-19.373156,-19.477819,-185.9995,-23622.0,-11.294117647058824
174.1,38,1,-240,-94.118,0.1,112.0,-19.547688,-19.495285,-186.1662,-23510.0,-11.294117647058824
174.2,38,1,-240,-94.118,0.1,112.0,-19.547688,-19.508385,-186.2913,-23398.0,-11.294117647058824
174.3,38,1,-240,-94.118,0.1,111.0,-19.373156,-19.474577,-185.9685,-23287.0,-11.294117647058824
174.4,38,1,-240,-94.118,0.1,112.0,-19.547688,-19.492855,-186.1431,-23175.0,-11.294117647058824
174.5,38,1,-240,-94.118,0.1,112.0,-19.547688,-19.506563,-186.274,-23063.0,-11.294117647058824
174.6,38,1,-240,-94.118,0.1,112.0,-19.547688,-19.516846,-186.3721,-22951.0,-11.294117647058824
174.7,38,1,-240,-94.118,0.1,111.0,-19.373156,-19.480923,-186.0291,-22840.0,-11.294117647058824
174.8,38,1,-240,-94.118,0.1,112.0,-19.547688,-19.497614,-186.1885,-22728.0,-11.294117647058824
174.9,38,1,-240,-94.118,0.1,112.0,-19.547688,-19.510132,-186.308,-22616.0,-11.294117647058824
175.0,38,1,-240,-94.118,0.1,112.0,-19.547688,-19.51952,-186.3977,-22504.0,-11.294117647058824
175.1,38,1,-240,-94.118,0.1,112.0,-19.547688,-19.526562,-186.4649,-22392.0,-11.294117647058824
175.2,38,1,-240,-94.118,0.1,111.0,-19.373156,-19.488211,-186.0987,-22281.0,-11.294117647058824
175.3,38,1,-240,-94.118,0.1,112.0,-19.547688,-19.503078,-186.2407,-22169.0,-11.294117647058824
175.4,38,1,-240,-94.118,0.1,112.0,-19.547688,-19.514231,-186.3472,-22057.0,-11.294117647058824
175.5,39,0,-255,-100.0,0.1,112.0,-19.547688,-19.522594,-186.4271,-21945.0,-12.0
175.6,39,0,-255,-100.0,0.1,115.0,-20.071287,-19.659767,-187.737,-21830.0,-12.0
175.7,39,0,-255,-100.0,0.1,116.0,-20.245819,-19.80628,-189.136,-21714.0,-12.0
175.8,39,0,-255,-100.0,0.1,116.0,-20.245819,-19.916164,-190.1854,-21598.0,-12.0
175.9,39,0,-255,-100.0,0.1,116.0,-20.245819,-19.998577,-190.9724,-21482.0,-12.0
176.0,39,0,-255,-100.0,0.1,116.0,-20.245819,-20.060387,-191.5626,-21366.0,-12.0
176.1,39,0,-255,-100.0,0.1,116.0,-20.245819,-20.106745,-192.0053,-21250.0,-12.0
176.2,39,0,-255,-100.0,0.1,116.0,-20.245819,-20.141514,-192.3373,-21134.0,-12.0
176.3,39,0,-255,-100.0,0.1,116.0,-20.245819,-20.167591,-192.5863,-21018.0,-12.0
176.4,39,0,-255,-100.0,0.1,116.0,-20.245819,-20.187149,-192.7731,-20902.0,-12.0
176.5,39,0,-255,-100.0,0.1,116.0,-20.245819,-20.201817,-192.9131,-20786.0,-12.0
176.6,39,0,-255,-100.0,0.1,116.0,-20.245819,-20.212818,-193.0182,-20670.0,-12.0
176.7,39,0,-255,-100.0,0.1,116.0,-20.245819,-20.221069,-193.097,-20554.0,-12.0
176.8,39,0,-255,-100.0,0.1,116.0,-20.245819,-20.227257,-193.1561,-20438.0,-12.0
176.9,39,0,-255,-100.0,0.1,116.0,-20.245819,-20.231897,-193.2004,-20322.0,-12.0
177.0,39,0,-255,-100.0,0.1,116.0,-20.245819,-20.235378,-193.2336,-20206.0,-12.0
177.1,39,0,-255,-100.0,0.1,116.0,-20.245819,-20.237988,-193.2586,-20090.0,-12.0
177.2,39,0,-255,-100.0,0.1,116.0,-20.245819,-20.239944,-193.2772,-19974.0,-12.0
177.3,39,0,-255,-100.0,0.1,116.0,-20.245819,-20.241413,-193.2912,-19858.0,-12.0
177.4,39,0,-255,-100.0,0.1,116.0,-20.245819,-20.242516,-193.3018,-19742.0,-12.0
177.5,39,0,-255,-100.0,0.1,116.0,-20.245819,-20.243341,-193.3097,-19626.0,-12.0
177.6,39,0,-255,-100.0,0.1,117.0,-20.420353,-20.287594,-193.7322,-19509.0,-12.0
177.7,39,0,-255,-100.0,0.1,116.0,-20.245819,-20.277149,-193.6325,-19393.0,-12.0
177.8,39,0,-255,-100.0,0.1,116.0,-20.245819,-20.269318,-193.5577,-19277.0,-12.0
177.9,39,0,-255,-100.0,0.1,116.0,-20.245819,-20.263443,-193.5016,-19161.0,-12.0
178.0,39,1,-255,-100.0,0.1,116.0,-20.245819,-20.259037,-193.4596,-19045.0,-12.0
178.1,39,1,-255,-100.0,0.1,116.0,-20.245819,-20.255733,-193.428,-18929.0,-12.0
178.2,39,1,-255,-100.0,0.1,116.0,-20.245819,-20.253254,-193.4043,-18813.0,-12.0
178.3,39,1,-255,-100.0,0.1,116.0,-20.245819,-20.251396,-193.3866,-18697.0,-12.0
178.4,39,1,-255,-100.0,0.1,116.0,-20.245819,-20.250002,-193.3733,-18581.0,-12.0
178.5,39,1,-255,-100.0,0.1,116.0,-20.245819,-20.248957,-193.3633,-18465.0,-12.0
178.6,39,1,-255,-100.0,0.1,116.0,-20.245819,-20.248173,-193.3558,-18349.0,-12.0
178.7,39,1,-255,-100.0,0.1,116.0,-20.245819,-20.247585,-193.3502,-18233.0,-12.0
178.8,39,1,-255,-100.0,0.1,116.0,-20.245819,-20.247143,-193.346,-18117.0,-12.0
178.9,39,1,-255,-100.0,0.1,116.0,-20.245819,-20.246811,-193.3428,-18001.0,-12.0
179.0,39,1,-255,-100.0,0.1,116.0,-20.245819,-20.246563,-193.3404,-17885.0,-12.0
179.1,39,1,-255,-100.0,0.1,116.0,-20.245819,-20.246376,-193.3387,-17769.0,-12.0
179.2,39,1,-255,-100.0,0.1,116.0,-20.245819,-20.246237,-193.3373,-17653.0,-12.0
179.3,39,1,-255,-100.0,0.1,116.0,-20.245819,-20.246132,-193.3363,-17537.0,-12.0
179.4,39,1,-255,-100.0,0.1,116.0,-20.245819,-20.246054,-193.3356,-17421.0,-12.0
179.5,39,1,-255,-100.0,0.1,116.0,-20.245819,-20.245995,-193.335,-17305.0,-12.0
179.6,39,1,-255,-100.0,0.1,116.0,-20.245819,-20.245951,-193.3346,-17189.0,-12.0
179.7,39,1,-255,-100.0,0.1,116.0,-20.245819,-20.245918,-193.3343,-17073.0,-12.0
179.8,39,1,-255,-100.0,0.1,116.0,-20.245819,-20.245893,-193.334,-16957.0,-12.0
179.9,39,1,-255,-100.0,0.1,116.0,-20.245819,-20.245874,-193.3339,-16841.0,-12.0
180.0,40,0,-240,-94.118,0.1,117.0,-20.420353,-20.289494,-193.7504,-16724.0,-11.294117647058824
180.1,40,0,-240,-94.118,0.1,112.0,-19.547688,-20.104042,-191.9795,-16612.0,-11.294117647058824
180.2,40,0,-240,-94.118,0.1,112.0,-19.547688,-19.964954,-190.6513,-16500.0,-11.294117647058824
180.3,40,0,-240,-94.118,0.1,112.0,-19.547688,-19.860638,-189.6551,-16388.0,-11.294117647058824
180.4,40,0,-240,-94.118,0.1,112.0,-19.547688,-19.7824,-188.908,-16276.0,-11.294117647058824
180.5,40,0,-240,-94.118,0.1,112.0,-19.547688,-19.723721,-188.3477,-16164.0,-11.294117647058824
180.6,40,0,-240,-94.118,0.1,111.0,-19.373156,-19.63608,-187.5108,-16053.0,-11.294117647058824
180.7,40,0,-240,-94.118,0.1,112.0,-19.547688,-19.613983,-187.2997,-15941.0,-11.294117647058824
180.8,40,0,-240,-94.118,0.1,112.0,-19.547688,-19.597408,-187.1415,-15829.0,-11.294117647058824
180.9,40,0,-240,-94.118,0.1,112.0,-19.547688,-19.584978,-187.0228,-15717.0,-11.294117647058824
181.0,40,0,-240,-94.118,0.1,111.0,-19.373156,-19.532022,-186.5171,-15606.0,-11.294117647058824
181.1,40,0,-240,-94.118,0.1,112.0,-19.547688,-19.535938,-186.5545,-15494.0,-11.294117647058824
181.2,40,0,-240,-94.118,0.1,112.0,-19.547688,-19.538876,-186.5825,-15382.0,-11.294117647058824
181.3,40,0,-240,-94.118,0.1,112.0,-19.547688,-19.541079,-186.6036,-15270.0,-11.294117647058824
181.4,40,0,-240,-94.118,0.1,112.0,-19.547688,-19.542732,-186.6194,-15158.0,-11.294117647058824
181.5,40,0,-240,-94.118,0.1,111.0,-19.373156,-19.500338,-186.2145,-15047.0,-11.294117647058824
181.6,40,0,-240,-94.118,0.1,112.0,-19.547688,-19.512177,-186.3276,-14935.0,-11.294117647058824
181.7,40,0,-240,-94.118,0.1,112.0,-19.547688,-19.521053,-186.4123,-14823.0,-11.294117647058824
181.8,40,0,-240,-94.118,0.1,111.0,-19.373156,-19.484079,-186.0593,-14712.0,-11.294117647058824
181.9,40,0,-240,-94.118,0.1,112.0,-19.547688,-19.499981,-186.2111,-14600.0,-11.294117647058824
182.0,40,0,-240,-94.118,0.1,112.0,-19.547688,-19.511908,-186.325,-14488.0,-11.294117647058824
182.1,40,0,-240,-94.118,0.1,112.0,-19.547688,-19.520851,-186.4104,-14376.0,-11.294117647058824
182.2,40,0,-240,-94.118,0.1,112.0,-19.547688,-19.527561,-186.4745,-14264.0,-11.294117647058824
182.3,40,0,-240,-94.118,0.1,111.0,-19.373156,-19.48896,-186.1059,-14153.0,-11.294117647058824
182.4,40,0,-240,-94.118,0.1,112.0,-19.547688,-19.503643,-186.2461,-14041.0,-11.294117647058824
182.5,40,1,-240,-94.118,0.1,112.0,-19.547688,-19.514654,-186.3512,-13929.0,-11.294117647058824
182.6,40,1,-240,-94.118,0.1,112.0,-19.547688,-19.522911,-186.4301,-13817.0,-11.294117647058824
182.7,40,1,-240,-94.118,0.1,111.0,-19.373156,-19.485472,-186.0725,-13706.0,-11.294117647058824
182.8,40,1,-240,-94.118,0.1,112.0,-19.547688,-19.501026,-186.2211,-13594.0,-11.294117647058824
182.9,40,1,-240,-94.118,0.1,112.0,-19.547688,-19.512691,-186.3325,-13482.0,-11.294117647058824
183.0,40,1,-240,-94.118,0.1,112.0,-19.547688,-19.521441,-186.416,-13370.0,-11.294117647058824
183.1,40,1,-240,-94.118,0.1,112.0,-19.547688,-19.528004,-186.4787,-13258.0,-11.294117647058824
183.2,40,1,-240,-94.118,0.1,112.0,-19.547688,-19.532925,-186.5257,-13146.0,-11.294117647058824
183.3,40,1,-240,-94.118,0.1,112.0,-19.547688,-19.536615,-186.5609,-13034.0,-11.294117647058824
183.4,40,1,-240,-94.118,0.1,111.0,-19.373156,-19.49575,-186.1707,-12923.0,-11.294117647058824
183.5,40,1,-240,-94.118,0.1,112.0,-19.547688,-19.508736,-186.2947,-12811.0,-11.294117647058824
183.6,40,1,-240,-94.118,0.1,112.0,-19.547688,-19.518475,-186.3877,-12699.0,-11.294117647058824
183.7,40,1,-240,-94.118,0.1,112.0,-19.547688,-19.525778,-186.4574,-12587.0,-11.294117647058824
183.8,40,1,-240,-94.118,0.1,111.0,-19.373156,-19.487621,-186.0931,-12476.0,-11.294117647058824
183.9,40,1,-240,-94.118,0.1,112.0,-19.547688,-19.502638,-186.2365,-12364.0,-11.294117647058824
184.0,40,1,-240,-94.118,0.1,112.0,-19.547688,-19.513901,-186.344,-12252.0,-11.294117647058824
184.1,40,1,-240,-94.118,0.1,112.0,-19.547688,-19.522346,-186.4247,-12140.0,-11.294117647058824
184.2,40,1,-240,-94.118,0.1,112.0,-19.547688,-19.528683,-186.4852,-12028.0,-11.294117647058824
184.3,40,1,-240,-94.118,0.1,112.0,-19.547688,-19.533434,-186.5305,-11916.0,-11.294117647058824
184.4,40,1,-240,-94.118,0.1,111.0,-19.373156,-19.493364,-186.1479,-11805.0,-11.294117647058824
184.5,41,0,-220,-86.275,0.1,112.0,-19.547688,-19.506947,-186.2776,-11693.0,-10.352941176470589
184.6,41,0,-220,-86.275,0.1,103.0,-17.976891,-19.124432,-182.6249,-11590.0,-10.352941176470589
184.7,41,0,-220,-86.275,0.1,95.0,-16.580627,-18.48848,-176.552,-11495.0,-10.352941176470589
184.8,41,0,-220,-86.275,0.1,94.0,-16.406096,-17.967884,-171.5806,-11401.0,-10.352941176470589
184.9,41,0,-220,-86.275,0.1,93.0,-16.231562,-17.533804,-167.4355,-11308.0,-10.352941176470589
185.0,41,0,-220,-86.275,0.1,94.0,-16.406096,-17.251877,-164.7433,-11214.0,-10.352941176470589
185.1,41,0,-220,-86.275,0.1,93.0,-16.231562,-16.996798,-162.3075,-11121.0,-10.352941176470589
185.2,41,0,-220,-86.275,0.1,93.0,-16.231562,-16.805489,-160.4806,-11028.0,-10.352941176470589
185.3,41,0,-220,-86.275,0.1,94.0,-16.406096,-16.705641,-159.5271,-10934.0,-10.352941176470589
185.4,41,0,-220,-86.275,0.1,93.0,-16.231562,-16.58712,-158.3953,-10841.0,-10.352941176470589
185.5,41,0,-220,-86.275,0.1,93.0,-16.231562,-16.49823,-157.5465,-10748.0,-10.352941176470589
185.6,41,0,-220,-86.275,0.1,94.0,-16.406096,-16.475197,-157.3265,-10654.0,-10.352941176470589
185.7,41,0,-220,-86.275,0.1,93.0,-16.231562,-16.414288,-156.7449,-10561.0,-10.352941176470589
185.8,41,0,-220,-86.275,0.1,93.0,-16.231562,-16.368607,-156.3087,-10468.0,-10.352941176470589
185.9,41,0,-220,-86.275,0.1,94.0,-16.406096,-16.377979,-156.3982,-10374.0,-10.352941176470589
186.0,41,0,-220,-86.275,0.1,93.0,-16.231562,-16.341375,-156.0486,-10281.0,-10.352941176470589
186.1,41,0,-220,-86.275,0.1,94.0,-16.406096,-16.357555,-156.2031,-10187.0,-10.352941176470589
186.2,41,0,-220,-86.275,0.1,93.0,-16.231562,-16.326057,-155.9024,-10094.0,-10.352941176470589
186.3,41,0,-220,-86.275,0.1,93.0,-16.231562,-16.302433,-155.6768,-10001.0,-10.352941176470589
186.4,41,0,-220,-86.275,0.1,94.0,-16.406096,-16.328348,-155.9242,-9907.0,-10.352941176470589
186.5,41,0,-220,-86.275,0.1,93.0,-16.231562,-16.304152,-155.6932,-9814.0,-10.352941176470589
186.6,41,0,-220,-86.275,0.1,94.0,-16.406096,-16.329638,-155.9366,-9720.0,-10.352941176470589
186.7,41,0,-220,-86.275,0.1,93.0,-16.231562,-16.305119,-155.7024,-9627.0,-10.352941176470589
186.8,41,0,-220,-86.275,0.1,93.0,-16.231562,-16.28673,-155.5268,-9534.0,-10.352941176470589
186.9,41,0,-220,-86.275,0.1,94.0,-16.406096,-16.316572,-155.8118,-9440.0,-10.352941176470589
187.0,41,1,-220,-86.275,0.1,93.0,-16.231562,-16.295319,-155.6088,-9347.0,-10.352941176470589
187.1,41,1,-220,-86.275,0.1,93.0,-16.231562,-16.279379,-155.4566,-9254.0,-10.352941176470589
187.2,41,1,-220,-86.275,0.1,94.0,-16.406096,-16.311058,-155.7591,-9160.0,-10.352941176470589
187.3,41,1,-220,-86.275,0.1,93.0,-16.231562,-16.291183,-155.5693,-9067.0,-10.352941176470589
187.4,41,1,-220,-86.275,0.1,93.0,-16.231562,-16.276278,-155.427,-8974.0,-10.352941176470589
187.5,41,1,-220,-86.275,0.1,94.0,-16.406096,-16.308733,-155.7369,-8880.0,-10.352941176470589
187.6,41,1,-220,-86.275,0.1,93.0,-16.231562,-16.28944,-155.5527,-8787.0,-10.352941176470589
187.7,41,1,-220,-86.275,0.1,93.0,-16.231562,-16.274971,-155.4145,-8694.0,-10.352941176470589
187.8,41,1,-220,-86.275,0.1,93.0,-16.231562,-16.264118,-155.3109,-8601.0,-10.352941176470589
187.9,41,1,-220,-86.275,0.1,93.0,-16.231562,-16.25598,-155.2332,-8508.0,-10.352941176470589
188.0,41,1,-220,-86.275,0.1,94.0,-16.406096,-16.293509,-155.5915,-8414.0,-10.352941176470589
188.1,41,1,-220,-86.275,0.1,93.0,-16.231562,-16.278021,-155.4437,-8321.0,-10.352941176470589
188.2,41,1,-220,-86.275,0.1,93.0,-16.231562,-16.266405,-155.3327,-8228.0,-10.352941176470589
188.3,41,1,-220,-86.275,0.1,94.0,-16.406096,-16.301329,-155.6662,-8134.0,-10.352941176470589
188.4,41,1,-220,-86.275,0.1,93.0,-16.231562,-16.283886,-155.4997,-8041.0,-10.352941176470589
188.5,41,1,-220,-86.275,0.1,93.0,-16.231562,-16.270805,-155.3747,-7948.0,-10.352941176470589
188.6,41,1,-220,-86.275,0.1,94.0,-16.406096,-16.304628,-155.6977,-7854.0,-10.352941176470589
188.7,41,1,-220,-86.275,0.1,93.0,-16.231562,-16.286362,-155.5233,-7761.0,-10.352941176470589
188.8,41,1,-220,-86.275,0.1,94.0,-16.406096,-16.316296,-155.8091,-7667.0,-10.352941176470589
188.9,41,1,-220,-86.275,0.1,93.0,-16.231562,-16.295113,-155.6069,-7574.0,-10.352941176470589
189.0,42,0,-200,-78.431,0.1,94.0,-16.406096,-16.322859,-155.8718,-7480.0,-9.411764705882353
189.1,42,0,-200,-78.431,0.1,82.0,-14.3117,-15.820068,-151.0705,-7398.0,-9.411764705882353
189.2,42,0,-200,-78.431,0.1,73.0,-12.740904,-15.050278,-143.7196,-7325.0,-9.411764705882353
189.3,42,0,-200,-78.431,0.1,69.0,-12.042772,-14.298401,-136.5397,-7256.0,-9.411764705882353
189.4,42,0,-200,-78.431,0.1,70.0,-12.217305,-13.778127,-131.5714,-7186.0,-9.411764705882353
189.5,42,0,-200,-78.431,0.1,68.0,-11.868238,-13.300655,-127.0119,-7118.0,-9.411764705882353
189.6,42,0,-200,-78.431,0.1,69.0,-12.042772,-12.986185,-124.0089,-7049.0,-9.411764705882353
189.7,42,0,-200,-78.431,0.1,69.0,-12.042772,-12.750332,-121.7567,-6980.0,-9.411764705882353
189.8,42,0,-200,-78.431,0.1,69.0,-12.042772,-12.573442,-120.0675,-6911.0,-9.411764705882353
189.9,42,0,-200,-78.431,0.1,69.0,-12.042772,-12.440775,-118.8006,-6842.0,-9.411764705882353
190.0,42,0,-200,-78.431,0.1,69.0,-12.042772,-12.341274,-117.8505,-6773.0,-9.411764705882353
190.1,42,0,-200,-78.431,0.1,69.0,-12.042772,-12.266649,-117.1379,-6704.0,-9.411764705882353
190.2,42,0,-200,-78.431,0.1,69.0,-12.042772,-12.21068,-116.6034,-6635.0,-9.411764705882353
190.3,42,0,-200,-78.431,0.1,69.0,-12.042772,-12.168703,-116.2026,-6566.0,-9.411764705882353
190.4,42,0,-200,-78.431,0.1,69.0,-12.042772,-12.13722,-115.9019,-6497.0,-9.411764705882353
190.5,42,0,-200,-78.431,0.1,69.0,-12.042772,-12.113607,-115.6764,-6428.0,-9.411764705882353
190.6,42,0,-200,-78.431,0.1,69.0,-12.042772,-12.095898,-115.5073,-6359.0,-9.411764705882353
190.7,42,0,-200,-78.431,0.1,69.0,-12.042772,-12.082617,-115.3805,-6290.0,-9.411764705882353
190.8,42,0,-200,-78.431,0.1,69.0,-12.042772,-12.072655,-115.2854,-6221.0,-9.411764705882353
190.9,42,0,-200,-78.431,0.1,69.0,-12.042772,-12.065184,-115.214,-6152.0,-9.411764705882353
191.0,42,0,-200,-78.431,0.1,69.0,-12.042772,-12.05958,-115.1605,-6083.0,-9.411764705882353
191.1,42,0,-200,-78.431,0.1,69.0,-12.042772,-12.055378,-115.1204,-6014.0,-9.411764705882353
191.2,42,0,-200,-78.431,0.1,69.0,-12.042772,-12.052227,-115.0903,-5945.0,-9.411764705882353
191.3,42,0,-200,-78.431,0.1,69.0,-12.042772,-12.049864,-115.0677,-5876.0,-9.411764705882353
191.4,42,0,-200,-78.431,0.1,69.0,-12.042772,-12.04809,-115.0508,-5807.0,-9.411764705882353
191.5,42,1,-200,-78.431,0.1,69.0,-12.042772,-12.046761,-115.0381,-5738.0,-9.411764705882353
191.6,42,1,-200,-78.431,0.1,69.0,-12.042772,-12.045763,-115.0286,-5669.0,-9.411764705882353
191.7,42,1,-200,-78.431,0.1,69.0,-12.042772,-12.045015,-115.0214,-5600.0,-9.411764705882353
191.8,42,1,-200,-78.431,0.1,69.0,-12.042772,-12.044455,-115.0161,-5531.0,-9.411764705882353
191.9,42,1,-200,-78.431,0.1,69.0,-12.042772,-12.044033,-115.012,-5462.0,-9.411764705882353
192.0,42,1,-200,-78.431,0.1,69.0,-12.042772,-12.043718,-115.009,-5393.0,-9.411764705882353
192.1,42,1,-200,-78.431,0.1,69.0,-12.042772,-12.043482,-115.0068,-5324.0,-9.411764705882353
192.2,42,1,-200,-78.431,0.1,68.0,-11.868238,-11.999672,-114.5884,-5256.0,-9.411764705882353
192.3,42,1,-200,-78.431,0.1,69.0,-12.042772,-12.010447,-114.6913,-5187.0,-9.411764705882353
192.4,42,1,-200,-78.431,0.1,69.0,-12.042772,-12.018528,-114.7685,-5118.0,-9.411764705882353
192.5,42,1,-200,-78.431,0.1,69.0,-12.042772,-12.02459,-114.8264,-5049.0,-9.411764705882353
192.6,42,1,-200,-78.431,0.1,69.0,-12.042772,-12.029135,-114.8698,-4980.0,-9.411764705882353
192.7,42,1,-200,-78.431,0.1,68.0,-11.868238,-11.988911,-114.4857,-4912.0,-9.411764705882353
192.8,42,1,-200,-78.431,0.1,69.0,-12.042772,-12.002377,-114.6143,-4843.0,-9.411764705882353
192.9,42,1,-200,-78.431,0.1,69.0,-12.042772,-12.012476,-114.7107,-4774.0,-9.411764705882353
193.0,42,1,-200,-78.431,0.1,69.0,-12.042772,-12.02005,-114.783,-4705.0,-9.411764705882353
193.1,42,1,-200,-78.431,0.1,69.0,-12.042772,-12.02573,-114.8373,-4636.0,-9.411764705882353
193.2,42,1,-200,-78.431,0.1,69.0,-12.042772,-12.029991,-114.8779,-4567.0,-9.411764705882353
193.3,42,1,-200,-78.431,0.1,69.0,-12.042772,-12.033186,-114.9085,-4498.0,-9.411764705882353
193.4,42,1,-200,-78.431,0.1,69.0,-12.042772,-12.035582,-114.9313,-4429.0,-9.411764705882353
193.5,43,0,-180,-70.588,0.1,69.0,-12.042772,-12.037378,-114.9485,-4360.0,-8.470588235294118
193.6,43,0,-180,-70.588,0.1,59.0,-10.297442,-11.602395,-110.7947,-4301.0,-8.470588235294118
193.7,43,0,-180,-70.588,0.1,48.0,-8.377581,-10.796192,-103.096,-4253.0,-8.470588235294118
193.8,43,0,-180,-70.588,0.1,46.0,-8.028515,-10.104273,-96.4887,-4207.0,-8.470588235294118
193.9,43,0,-180,-70.588,0.1,46.0,-8.028515,-9.585333,-91.5332,-4161.0,-8.470588235294118
194.0,43,0,-180,-70.588,0.1,46.0,-8.028515,-9.196129,-87.8166,-4115.0,-8.470588235294118
194.1,43,0,-180,-70.588,0.1,46.0,-8.028515,-8.904225,-85.0291,-4069.0,-8.470588235294118
194.2,43,0,-180,-70.588,0.1,46.0,-8.028515,-8.685298,-82.9385,-4023.0,-8.470588235294118
194.3,43,0,-180,-70.588,0.1,46.0,-8.028515,-8.521102,-81.3705,-3977.0,-8.470588235294118
194.4,43,0,-180,-70.588,0.1,46.0,-8.028515,-8.397955,-80.1946,-3931.0,-8.470588235294118
194.5,43,0,-180,-70.588,0.1,45.0,-7.853981,-8.261962,-78.8959,-3886.0,-8.470588235294118
194.6,43,0,-180,-70.588,0.1,46.0,-8.028515,-8.2036,-78.3386,-3840.0,-8.470588235294118
194.7,43,0,-180,-70.588,0.1,46.0,-8.028515,-8.159828,-77.9206,-3794.0,-8.470588235294118
194.8,43,0,-180,-70.588,0.1,46.0,-8.028515,-8.127,-77.6071,-3748.0,-8.470588235294118
194.9,43,0,-180,-70.588,0.1,46.0,-8.028515,-8.102379,-77.372,-3702.0,-8.470588235294118
195.0,43,0,-180,-70.588,0.1,46.0,-8.028515,-8.083913,-77.1957,-3656.0,-8.470588235294118
195.1,43,0,-180,-70.588,0.1,45.0,-7.853981,-8.02643,-76.6468,-3611.0,-8.470588235294118
195.2,43,0,-180,-70.588,0.1,46.0,-8.028515,-8.026951,-76.6517,-3565.0,-8.470588235294118
195.3,43,0,-180,-70.588,0.1,46.0,-8.028515,-8.027342,-76.6555,-3519.0,-8.470588235294118
195.4,43,0,-180,-70.588,0.1,46.0,-8.028515,-8.027636,-76.6583,-3473.0,-8.470588235294118
195.5,43,0,-180,-70.588,0.1,45.0,-7.853981,-7.984222,-76.2437,-3428.0,-8.470588235294118
195.6,43,0,-180,-70.588,0.1,46.0,-8.028515,-7.995295,-76.3494,-3382.0,-8.470588235294118
195.7,43,0,-180,-70.588,0.1,46.0,-8.028515,-8.0036,-76.4288,-3336.0,-8.470588235294118
195.8,43,0,-180,-70.588,0.1,46.0,-8.028515,-8.009829,-76.4882,-3290.0,-8.470588235294118
195.9,43,0,-180,-70.588,0.1,46.0,-8.028515,-8.0145,-76.5328,-3244.0,-8.470588235294118
196.0,43,1,-180,-70.588,0.1,46.0,-8.028515,-8.018003,-76.5663,-3198.0,-8.470588235294118
196.1,43,1,-180,-70.588,0.1,46.0,-8.028515,-8.020632,-76.5914,-3152.0,-8.470588235294118
196.2,43,1,-180,-70.588,0.1,45.0,-7.853981,-7.978969,-76.1935,-3107.0,-8.470588235294118
196.3,43,1,-180,-70.588,0.1,46.0,-8.028515,-7.991355,-76.3118,-3061.0,-8.470588235294118
196.4,43,1,-180,-70.588,0.1,46.0,-8.028515,-8.000645,-76.4005,-3015.0,-8.470588235294118
196.5,43,1,-180,-70.588,0.1,46.0,-8.028515,-8.007612,-76.4671,-2969.0,-8.470588235294118
196.6,43,1,-180,-70.588,0.1,46.0,-8.028515,-8.012838,-76.517,-2923.0,-8.470588235294118
196.7,43,1,-180,-70.588,0.1,46.0,-8.028515,-8.016758,-76.5544,-2877.0,-8.470588235294118
196.8,43,1,-180,-70.588,0.1,46.0,-8.028515,-8.019697,-76.5825,-2831.0,-8.470588235294118
196.9,43,1,-180,-70.588,0.1,45.0,-7.853981,-7.978268,-76.1868,-2786.0,-8.470588235294118
197.0,43,1,-180,-70.588,0.1,46.0,-8.028515,-7.99083,-76.3068,-2740.0,-8.470588235294118
197.1,43,1,-180,-70.588,0.1,46.0,-8.028515,-8.000252,-76.3968,-2694.0,-8.470588235294118
197.2,43,1,-180,-70.588,0.1,46.0,-8.028515,-8.007318,-76.4643,-2648.0,-8.470588235294118
197.3,43,1,-180,-70.588,0.1,46.0,-8.028515,-8.012617,-76.5149,-2602.0,-8.470588235294118
197.4,43,1,-180,-70.588,0.1,46.0,-8.028515,-8.016592,-76.5528,-2556.0,-8.470588235294118
197.5,43,1,-180,-70.588,0.1,46.0,-8.028515,-8.019573,-76.5813,-2510.0,-8.470588235294118
197.6,43,1,-180,-70.588,0.1,46.0,-8.028515,-8.021809,-76.6026,-2464.0,-8.470588235294118
197.7,43,1,-180,-70.588,0.1,46.0,-8.028515,-8.023485,-76.6186,-2418.0,-8.470588235294118
197.8,43,1,-180,-70.588,0.1,46.0,-8.028515,-8.024742,-76.6306,-2372.0,-8.470588235294118
197.9,43,1,-180,-70.588,0.1,46.0,-8.028515,-8.025685,-76.6396,-2326.0,-8.470588235294118
198.0,44,0,-160,-62.745,0.1,46.0,-8.028515,-8.026393,-76.6464,-2280.0,-7.529411764705882
198.1,44,0,-160,-62.745,0.1,37.0,-6.457718,-7.634224,-72.9015,-2243.0,-7.529411764705882
198.2,44,0,-160,-62.745,0.1,28.0,-4.886922,-6.947398,-66.3428,-2215.0,-7.529411764705882
198.3,44,0,-160,-62.745,0.1,25.0,-4.363323,-6.301379,-60.1737,-2190.0,-7.529411764705882
198.4,44,0,-160,-62.745,0.1,25.0,-4.363323,-5.816865,-55.547,-2165.0,-7.529411764705882
198.5,44,0,-160,-62.745,0.1,25.0,-4.363323,-5.45348,-52.0769,-2140.0,-7.529411764705882
198.6,44,0,-160,-62.745,0.1,25.0,-4.363323,-5.180941,-49.4743,-2115.0,-7.529411764705882
198.7,44,0,-160,-62.745,0.1,25.0,-4.363323,-4.976536,-47.5224,-2090.0,-7.529411764705882
198.8,44,0,-160,-62.745,0.1,25.0,-4.363323,-4.823233,-46.0585,-2065.0,-7.529411764705882
198.9,44,0,-160,-62.745,0.1,25.0,-4.363323,-4.708256,-44.9605,-2040.0,-7.529411764705882
199.0,44,0,-160,-62.745,0.1,25.0,-4.363323,-4.622023,-44.1371,-2015.0,-7.529411764705882
199.1,44,0,-160,-62.745,0.1,25.0,-4.363323,-4.557348,-43.5195,-1990.0,-7.529411764705882
199.2,44,0,-160,-62.745,0.1,25.0,-4.363323,-4.508842,-43.0563,-1965.0,-7.529411764705882
199.3,44,0,-160,-62.745,0.1,25.0,-4.363323,-4.472462,-42.7089,-1940.0,-7.529411764705882
199.4,44,0,-160,-62.745,0.1,24.0,-4.18879,-4.401544,-42.0316,-1916.0,-7.529411764705882
199.5,44,0,-160,-62.745,0.1,25.0,-4.363323,-4.391989,-41.9404,-1891.0,-7.529411764705882
199.6,44,0,-160,-62.745,0.1,25.0,-4.363323,-4.384822,-41.872,-1866.0,-7.529411764705882
199.7,44,0,-160,-62.745,0.1,25.0,-4.363323,-4.379447,-41.8206,-1841.0,-7.529411764705882
199.8,44,0,-160,-62.745,0.1,25.0,-4.363323,-4.375416,-41.7821,-1816.0,-7.529411764705882
199.9,44,0,-160,-62.745,0.1,24.0,-4.18879,-4.32876,-41.3366,-1792.0,-7.529411764705882
200.0,44,0,-160,-62.745,0.1,26.0,-4.537856,-4.381034,-41.8358,-1766.0,-7.529411764705882
200.1,44,0,-160,-62.745,0.1,24.0,-4.18879,-4.332973,-41.3768,-1742.0,-7.529411764705882
200.2,44,0,-160,-62.745,0.1,25.0,-4.363323,-4.34056,-41.4493,-1717.0,-7.529411764705882
200.3,44,0,-160,-62.745,0.1,25.0,-4.363323,-4.346251,-41.5036,-1692.0,-7.529411764705882
200.4,44,0,-160,-62.745,0.1,25.0,-4.363323,-4.350519,-41.5444,-1667.0,-7.529411764705882
200.5,44,1,-160,-62.745,0.1,25.0,-4.363323,-4.35372,-41.575,-1642.0,-7.529411764705882
200.6,44,1,-160,-62.745,0.1,24.0,-4.18879,-4.312488,-41.1812,-1618.0,-7.529411764705882
200.7,44,1,-160,-62.745,0.1,25.0,-4.363323,-4.325196,-41.3026,-1593.0,-7.529411764705882
200.8,44,1,-160,-62.745,0.1,25.0,-4.363323,-4.334728,-41.3936,-1568.0,-7.529411764705882
200.9,44,1,-160,-62.745,0.1,25.0,-4.363323,-4.341877,-41.4619,-1543.0,-7.529411764705882
201.0,44,1,-160,-62.745,0.1,25.0,-4.363323,-4.347239,-41.5131,-1518.0,-7.529411764705882
201.1,44,1,-160,-62.745,0.1,25.0,-4.363323,-4.35126,-41.5515,-1493.0,-7.529411764705882
201.2,44,1,-160,-62.745,0.1,25.0,-4.363323,-4.354276,-41.5803,-1468.0,-7.529411764705882
201.3,44,1,-160,-62.745,0.1,25.0,-4.363323,-4.356538,-41.6019,-1443.0,-7.529411764705882
201.4,44,1,-160,-62.745,0.1,25.0,-4.363323,-4.358234,-41.6181,-1418.0,-7.529411764705882
201.5,44,1,-160,-62.745,0.1,25.0,-4.363323,-4.359507,-41.6302,-1393.0,-7.529411764705882
201.6,44,1,-160,-62.745,0.1,25.0,-4.363323,-4.360461,-41.6393,-1368.0,-7.529411764705882
201.7,44,1,-160,-62.745,0.1,24.0,-4.18879,-4.317543,-41.2295,-1344.0,-7.529411764705882
201.8,44,1,-160,-62.745,0.1,25.0,-4.363323,-4.328988,-41.3388,-1319.0,-7.529411764705882
201.9,44,1,-160,-62.745,0.1,25.0,-4.363323,-4.337572,-41.4208,-1294.0,-7.529411764705882
202.0,44,1,-160,-62.745,0.1,25.0,-4.363323,-4.34401,-41.4822,-1269.0,-7.529411764705882
202.1,44,1,-160,-62.745,0.1,25.0,-4.363323,-4.348838,-41.5283,-1244.0,-7.529411764705882
202.2,44,1,-160,-62.745,0.1,25.0,-4.363323,-4.352459,-41.5629,-1219.0,-7.529411764705882
202.3,44,1,-160,-62.745,0.1,25.0,-4.363323,-4.355175,-41.5889,-1194.0,-7.529411764705882
202.4,44,1,-160,-62.745,0.1,25.0,-4.363323,-4.357213,-41.6083,-1169.0,-7.529411764705882
202.5,45,0,-140,-54.902,0.1,25.0,-4.363323,-4.35874,-41.6229,-1144.0,-6.588235294117647
202.6,45,0,-140,-54.902,0.1,18.0,-3.141593,-4.054453,-38.7172,-1126.0,-6.588235294117647
202.7,45,0,-140,-54.902,0.1,11.0,-1.919862,-3.520806,-33.6212,-1115.0,-6.588235294117647
202.8,45,0,-140,-54.902,0.1,9.0,-1.570796,-3.033303,-28.9659,-1106.0,-6.588235294117647
202.9,45,0,-140,-54.902,0.1,7.0,-1.22173,-2.58041,-24.6411,-1099.0,-6.588235294117647
203.0,45,0,-140,-54.902,0.1,8.0,-1.396263,-2.284373,-21.8142,-1091.0,-6.588235294117647
203.1,45,0,-140,-54.902,0.1,7.0,-1.22173,-2.018713,-19.2773,-1084.0,-6.588235294117647
203.2,45,0,-140,-54.902,0.1,8.0,-1.396263,-1.8631,-17.7913,-1076.0,-6.588235294117647
203.3,45,0,-140,-54.902,0.1,7.0,-1.22173,-1.702758,-16.2601,-1069.0,-6.588235294117647
203.4,45,0,-140,-54.902,0.1,8.0,-1.396263,-1.626134,-15.5284,-1061.0,-6.588235294117647
203.5,45,0,-140,-54.902,0.1,7.0,-1.22173,-1.525033,-14.563,-1054.0,-6.588235294117647
203.6,45,0,-140,-54.902,0.1,8.0,-1.396263,-1.492841,-14.2556,-1046.0,-6.588235294117647
203.7,45,0,-140,-54.902,0.1,7.0,-1.22173,-1.425063,-13.6083,-1039.0,-6.588235294117647
203.8,45,0,-140,-54.902,0.1,7.0,-1.22173,-1.37423,-13.1229,-1032.0,-6.588235294117647
203.9,45,0,-140,-54.902,0.1,8.0,-1.396263,-1.379738,-13.1755,-1024.0,-6.588235294117647
204.0,45,0,-140,-54.902,0.1,7.0,-1.22173,-1.340236,-12.7983,-1017.0,-6.588235294117647
204.1,45,0,-140,-54.902,0.1,7.0,-1.22173,-1.31061,-12.5154,-1010.0,-6.588235294117647
204.2,45,0,-140,-54.902,0.1,8.0,-1.396263,-1.332023,-12.7199,-1002.0,-6.588235294117647
204.3,45,0,-140,-54.902,0.1,6.0,-1.047198,-1.260817,-12.0399,-996.0,-6.588235294117647
204.4,45,0,-140,-54.902,0.1,8.0,-1.396263,-1.294678,-12.3633,-988.0,-6.588235294117647
204.5,45,0,-140,-54.902,0.1,7.0,-1.22173,-1.276441,-12.1891,-981.0,-6.588235294117647
204.6,45,0,-140,-54.902,0.1,7.0,-1.22173,-1.262764,-12.0585,-974.0,-6.588235294117647
204.7,45,0,-140,-54.902,0.1,8.0,-1.396263,-1.296139,-12.3772,-966.0,-6.588235294117647
204.8,45,0,-140,-54.902,0.1,6.0,-1.047198,-1.233903,-11.7829,-960.0,-6.588235294117647
204.9,45,0,-140,-54.902,0.1,8.0,-1.396263,-1.274493,-12.1705,-952.0,-6.588235294117647
205.0,45,0,-140,-54.902,0.1,7.0,-1.22173,-1.261303,-12.0446,-945.0,-6.588235294117647
205.1,45,1,-140,-54.902,0.1,8.0,-1.396263,-1.295043,-12.3667,-937.0,-6.588235294117647
205.2,45,1,-140,-54.902,0.1,7.0,-1.22173,-1.276715,-12.1917,-930.0,-6.588235294117647
205.3,45,1,-140,-54.902,0.1,7.0,-1.22173,-1.262969,-12.0605,-923.0,-6.588235294117647
205.4,45,1,-140,-54.902,0.1,7.0,-1.22173,-1.252659,-11.962,-916.0,-6.588235294117647
205.5,45,1,-140,-54.902,0.1,8.0,-1.396263,-1.28856,-12.3048,-908.0,-6.588235294117647
205.6,45,1,-140,-54.902,0.1,7.0,-1.22173,-1.271853,-12.1453,-901.0,-6.588235294117647
205.7,45,1,-140,-54.902,0.1,8.0,-1.396263,-1.302955,-12.4423,-893.0,-6.588235294117647
205.8,45,1,-140,-54.902,0.1,7.0,-1.22173,-1.282649,-12.2484,-886.0,-6.588235294117647
205.9,45,1,-140,-54.902,0.1,8.0,-1.396263,-1.311053,-12.5196,-878.0,-6.588235294117647
206.0,45,1,-140,-54.902,0.1,7.0,-1.22173,-1.288722,-12.3064,-871.0,-6.588235294117647
206.1,45,1,-140,-54.902,0.1,7.0,-1.22173,-1.271974,-12.1465,-864.0,-6.588235294117647
206.2,45,1,-140,-54.902,0.1,8.0,-1.396263,-1.303047,-12.4432,-856.0,-6.588235294117647
206.3,45,1,-140,-54.902,0.1,7.0,-1.22173,-1.282717,-12.249,-849.0,-6.588235294117647
206.4,45,1,-140,-54.902,0.1,8.0,-1.396263,-1.311104,-12.5201,-841.0,-6.588235294117647
206.5,45,1,-140,-54.902,0.1,7.0,-1.22173,-1.288761,-12.3068,-834.0,-6.588235294117647
206.6,45,1,-140,-54.902,0.1,7.0,-1.22173,-1.272003,-12.1467,-827.0,-6.588235294117647
206.7,45,1,-140,-54.902,0.1,8.0,-1.396263,-1.303068,-12.4434,-819.0,-6.588235294117647
206.8,45,1,-140,-54.902,0.1,8.0,-1.396263,-1.326367,-12.6659,-811.0,-6.588235294117647
206.9,45,1,-140,-54.902,0.1,7.0,-1.22173,-1.300208,-12.4161,-804.0,-6.588235294117647
207.0,46,0,-120,-47.059,0.1,8.0,-1.396263,-1.324222,-12.6454,-796.0,-5.647058823529412
207.1,46,0,-120,-47.059,0.1,2.0,-0.349066,-1.080433,-10.3174,-794.0,-5.647058823529412
207.2,46,0,-120,-47.059,0.1,0.0,0.0,-0.810325,-7.738,-794.0,-5.647058823529412
207.3,46,0,-120,-47.059,0.1,0.0,0.0,-0.607743,-5.8035,-794.0,-5.647058823529412
207.4,46,0,-120,-47.059,0.1,0.0,0.0,-0.455808,-4.3526,-794.0,-5.647058823529412
207.5,46,0,-120,-47.059,0.1,0.0,0.0,-0.341856,-3.2645,-794.0,-5.647058823529412
207.6,46,0,-120,-47.059,0.1,0.0,0.0,-0.256392,-2.4484,-794.0,-5.647058823529412
207.7,46,0,-120,-47.059,0.1,0.0,0.0,-0.192294,-1.8363,-794.0,-5.647058823529412
207.8,46,0,-120,-47.059,0.1,0.0,0.0,-0.14422,-1.3772,-794.0,-5.647058823529412
207.9,46,0,-120,-47.059,0.1,0.0,0.0,-0.108165,-1.0329,-794.0,-5.647058823529412
208.0,46,0,-120,-47.059,0.1,0.0,0.0,-0.081124,-0.7747,-794.0,-5.647058823529412
208.1,46,0,-120,-47.059,0.1,0.0,0.0,-0.060843,-0.581,-794.0,-5.647058823529412
208.2,46,0,-120,-47.059,0.1,0.0,0.0,-0.045632,-0.4358,-794.0,-5.647058823529412
208.3,46,0,-120,-47.059,0.1,0.0,0.0,-0.034224,-0.3268,-794.0,-5.647058823529412
208.4,46,0,-120,-47.059,0.1,0.0,0.0,-0.025668,-0.2451,-794.0,-5.647058823529412
208.5,46,0,-120,-47.059,0.1,0.0,0.0,-0.019251,-0.1838,-794.0,-5.647058823529412
208.6,46,0,-120,-47.059,0.1,0.0,0.0,-0.014438,-0.1379,-794.0,-5.647058823529412
208.7,46,0,-120,-47.059,0.1,0.0,0.0,-0.010829,-0.1034,-794.0,-5.647058823529412
208.8,46,0,-120,-47.059,0.1,0.0,0.0,-0.008122,-0.0776,-794.0,-5.647058823529412
208.9,46,0,-120,-47.059,0.1,0.0,0.0,-0.006091,-0.0582,-794.0,-5.647058823529412
209.0,46,0,-120,-47.059,0.1,0.0,0.0,-0.004568,-0.0436,-794.0,-5.647058823529412
209.1,46,0,-120,-47.059,0.1,0.0,0.0,-0.003426,-0.0327,-794.0,-5.647058823529412
209.2,46,0,-120,-47.059,0.1,0.0,0.0,-0.00257,-0.0245,-794.0,-5.647058823529412
209.3,46,0,-120,-47.059,0.1,0.0,0.0,-0.001927,-0.0184,-794.0,-5.647058823529412
209.4,46,0,-120,-47.059,0.1,0.0,0.0,-0.001445,-0.0138,-794.0,-5.647058823529412
209.5,46,1,-120,-47.059,0.1,0.0,0.0,-0.001084,-0.0104,-794.0,-5.647058823529412
209.6,46,1,-120,-47.059,0.1,0.0,0.0,-0.000813,-0.0078,-794.0,-5.647058823529412
209.7,46,1,-120,-47.059,0.1,0.0,0.0,-0.00061,-0.0058,-794.0,-5.647058823529412
209.8,46,1,-120,-47.059,0.1,0.0,0.0,-0.000457,-0.0044,-794.0,-5.647058823529412
209.9,46,1,-120,-47.059,0.1,0.0,0.0,-0.000343,-0.0033,-794.0,-5.647058823529412
210.0,46,1,-120,-47.059,0.1,0.0,0.0,-0.000257,-0.0025,-794.0,-5.647058823529412
210.1,46,1,-120,-47.059,0.1,0.0,0.0,-0.000193,-0.0018,-794.0,-5.647058823529412
210.2,46,1,-120,-47.059,0.1,0.0,0.0,-0.000145,-0.0014,-794.0,-5.647058823529412
210.3,46,1,-120,-47.059,0.1,0.0,0.0,-0.000109,-0.001,-794.0,-5.647058823529412
210.4,46,1,-120,-47.059,0.1,0.0,0.0,-8.1e-05,-0.0008,-794.0,-5.647058823529412
210.5,46,1,-120,-47.059,0.1,0.0,0.0,-6.1e-05,-0.0006,-794.0,-5.647058823529412
210.6,46,1,-120,-47.059,0.1,0.0,0.0,-4.6e-05,-0.0004,-794.0,-5.647058823529412
210.7,46,1,-120,-47.059,0.1,0.0,0.0,-3.4e-05,-0.0003,-794.0,-5.647058823529412
210.8,46,1,-120,-47.059,0.1,0.0,0.0,-2.6e-05,-0.0002,-794.0,-5.647058823529412
210.9,46,1,-120,-47.059,0.1,0.0,0.0,-1.9e-05,-0.0002,-794.0,-5.647058823529412
211.0,46,1,-120,-47.059,0.1,0.0,0.0,-1.4e-05,-0.0001,-794.0,-5.647058823529412
211.1,46,1,-120,-47.059,0.1,0.0,0.0,-1.1e-05,-0.0001,-794.0,-5.647058823529412
211.2,46,1,-120,-47.059,0.1,0.0,0.0,-8e-06,-0.0001,-794.0,-5.647058823529412
211.3,46,1,-120,-47.059,0.1,0.0,0.0,-6e-06,-0.0001,-794.0,-5.647058823529412
211.4,46,1,-120,-47.059,0.1,0.0,0.0,-5e-06,-0.0,-794.0,-5.647058823529412
211.5,47,0,-100,-39.216,0.1,0.0,0.0,-3e-06,-0.0,-794.0,-4.705882352941177
211.6,47,0,-100,-39.216,0.1,0.0,0.0,-3e-06,-0.0,-794.0,-4.705882352941177
211.7,47,0,-100,-39.216,0.1,0.0,0.0,-2e-06,-0.0,-794.0,-4.705882352941177
211.8,47,0,-100,-39.216,0.1,0.0,0.0,-1e-06,-0.0,-794.0,-4.705882352941177
211.9,47,0,-100,-39.216,0.1,0.0,0.0,-1e-06,-0.0,-794.0,-4.705882352941177
212.0,47,0,-100,-39.216,0.1,0.0,0.0,-1e-06,-0.0,-794.0,-4.705882352941177
212.1,47,0,-100,-39.216,0.1,0.0,0.0,-1e-06,-0.0,-794.0,-4.705882352941177
212.2,47,0,-100,-39.216,0.1,0.0,0.0,-0.0,-0.0,-794.0,-4.705882352941177
212.3,47,0,-100,-39.216,0.1,0.0,0.0,-0.0,-0.0,-794.0,-4.705882352941177
212.4,47,0,-100,-39.216,0.1,0.0,0.0,-0.0,-0.0,-794.0,-4.705882352941177
212.5,47,0,-100,-39.216,0.1,0.0,0.0,-0.0,-0.0,-794.0,-4.705882352941177
212.6,47,0,-100,-39.216,0.1,0.0,0.0,-0.0,-0.0,-794.0,-4.705882352941177
212.7,47,0,-100,-39.216,0.1,0.0,0.0,-0.0,-0.0,-794.0,-4.705882352941177
212.8,47,0,-100,-39.216,0.1,0.0,0.0,-0.0,-0.0,-794.0,-4.705882352941177
212.9,47,0,-100,-39.216,0.1,0.0,0.0,-0.0,-0.0,-794.0,-4.705882352941177
213.0,47,0,-100,-39.216,0.1,0.0,0.0,-0.0,-0.0,-794.0,-4.705882352941177
213.1,47,0,-100,-39.216,0.1,0.0,0.0,-0.0,-0.0,-794.0,-4.705882352941177
213.2,47,0,-100,-39.216,0.1,0.0,0.0,-0.0,-0.0,-794.0,-4.705882352941177
213.3,47,0,-100,-39.216,0.1,0.0,0.0,-0.0,-0.0,-794.0,-4.705882352941177
213.4,47,0,-100,-39.216,0.1,0.0,0.0,-0.0,-0.0,-794.0,-4.705882352941177
213.5,47,0,-100,-39.216,0.1,0.0,0.0,-0.0,-0.0,-794.0,-4.705882352941177
213.6,47,0,-100,-39.216,0.1,0.0,0.0,-0.0,-0.0,-794.0,-4.705882352941177
213.7,47,0,-100,-39.216,0.1,0.0,0.0,-0.0,-0.0,-794.0,-4.705882352941177
213.8,47,0,-100,-39.216,0.1,0.0,0.0,-0.0,-0.0,-794.0,-4.705882352941177
213.9,47,0,-100,-39.216,0.1,0.0,0.0,-0.0,-0.0,-794.0,-4.705882352941177
214.0,47,1,-100,-39.216,0.1,0.0,0.0,-0.0,-0.0,-794.0,-4.705882352941177
214.1,47,1,-100,-39.216,0.1,0.0,0.0,-0.0,-0.0,-794.0,-4.705882352941177
214.2,47,1,-100,-39.216,0.1,0.0,0.0,-0.0,-0.0,-794.0,-4.705882352941177
214.3,47,1,-100,-39.216,0.1,0.0,0.0,-0.0,-0.0,-794.0,-4.705882352941177
214.4,47,1,-100,-39.216,0.1,0.0,0.0,-0.0,-0.0,-794.0,-4.705882352941177
214.5,47,1,-100,-39.216,0.1,0.0,0.0,-0.0,-0.0,-794.0,-4.705882352941177
214.6,47,1,-100,-39.216,0.1,0.0,0.0,-0.0,-0.0,-794.0,-4.705882352941177
214.7,47,1,-100,-39.216,0.1,0.0,0.0,-0.0,-0.0,-794.0,-4.705882352941177
214.8,47,1,-100,-39.216,0.1,0.0,0.0,-0.0,-0.0,-794.0,-4.705882352941177
214.9,47,1,-100,-39.216,0.1,0.0,0.0,-0.0,-0.0,-794.0,-4.705882352941177
215.0,47,1,-100,-39.216,0.1,0.0,0.0,-0.0,-0.0,-794.0,-4.705882352941177
215.1,47,1,-100,-39.216,0.1,0.0,0.0,-0.0,-0.0,-794.0,-4.705882352941177
215.2,47,1,-100,-39.216,0.1,0.0,0.0,-0.0,-0.0,-794.0,-4.705882352941177
215.3,47,1,-100,-39.216,0.1,0.0,0.0,-0.0,-0.0,-794.0,-4.705882352941177
215.4,47,1,-100,-39.216,0.1,0.0,0.0,-0.0,-0.0,-794.0,-4.705882352941177
215.5,47,1,-100,-39.216,0.1,0.0,0.0,-0.0,-0.0,-794.0,-4.705882352941177
215.6,47,1,-100,-39.216,0.1,0.0,0.0,-0.0,-0.0,-794.0,-4.705882352941177
215.7,47,1,-100,-39.216,0.1,0.0,0.0,-0.0,-0.0,-794.0,-4.705882352941177
215.8,47,1,-100,-39.216,0.1,0.0,0.0,-0.0,-0.0,-794.0,-4.705882352941177
215.9,47,1,-100,-39.216,0.1,0.0,0.0,-0.0,-0.0,-794.0,-4.705882352941177
216.0,48,0,-80,-31.373,0.1,0.0,0.0,-0.0,-0.0,-794.0,-3.764705882352941
216.1,48,0,-80,-31.373,0.1,0.0,0.0,-0.0,-0.0,-794.0,-3.764705882352941
216.2,48,0,-80,-31.373,0.1,0.0,0.0,-0.0,-0.0,-794.0,-3.764705882352941
216.3,48,0,-80,-31.373,0.1,0.0,0.0,-0.0,-0.0,-794.0,-3.764705882352941
216.4,48,0,-80,-31.373,0.1,0.0,0.0,-0.0,-0.0,-794.0,-3.764705882352941
216.5,48,0,-80,-31.373,0.1,0.0,0.0,-0.0,-0.0,-794.0,-3.764705882352941
216.6,48,0,-80,-31.373,0.1,0.0,0.0,-0.0,-0.0,-794.0,-3.764705882352941
216.7,48,0,-80,-31.373,0.1,0.0,0.0,-0.0,-0.0,-794.0,-3.764705882352941
216.8,48,0,-80,-31.373,0.1,0.0,0.0,-0.0,-0.0,-794.0,-3.764705882352941
216.9,48,0,-80,-31.373,0.1,0.0,0.0,-0.0,-0.0,-794.0,-3.764705882352941
217.0,48,0,-80,-31.373,0.1,0.0,0.0,-0.0,-0.0,-794.0,-3.764705882352941
217.1,48,0,-80,-31.373,0.1,0.0,0.0,-0.0,-0.0,-794.0,-3.764705882352941
217.2,48,0,-80,-31.373,0.1,0.0,0.0,-0.0,-0.0,-794.0,-3.764705882352941
217.3,48,0,-80,-31.373,0.1,0.0,0.0,-0.0,-0.0,-794.0,-3.764705882352941
217.4,48,0,-80,-31.373,0.1,0.0,0.0,-0.0,-0.0,-794.0,-3.764705882352941
217.5,48,0,-80,-31.373,0.1,0.0,0.0,-0.0,-0.0,-794.0,-3.764705882352941
217.6,48,0,-80,-31.373,0.1,0.0,0.0,-0.0,-0.0,-794.0,-3.764705882352941
217.7,48,0,-80,-31.373,0.1,0.0,0.0,-0.0,-0.0,-794.0,-3.764705882352941
217.8,48,0,-80,-31.373,0.1,0.0,0.0,-0.0,-0.0,-794.0,-3.764705882352941
217.9,48,0,-80,-31.373,0.1,0.0,0.0,-0.0,-0.0,-794.0,-3.764705882352941
218.0,48,0,-80,-31.373,0.1,0.0,0.0,-0.0,-0.0,-794.0,-3.764705882352941
218.1,48,0,-80,-31.373,0.1,0.0,0.0,-0.0,-0.0,-794.0,-3.764705882352941
218.2,48,0,-80,-31.373,0.1,0.0,0.0,-0.0,-0.0,-794.0,-3.764705882352941
218.3,48,0,-80,-31.373,0.1,0.0,0.0,-0.0,-0.0,-794.0,-3.764705882352941
218.4,48,0,-80,-31.373,0.1,0.0,0.0,-0.0,-0.0,-794.0,-3.764705882352941
218.5,48,1,-80,-31.373,0.1,0.0,0.0,-0.0,-0.0,-794.0,-3.764705882352941
218.6,48,1,-80,-31.373,0.1,0.0,0.0,-0.0,-0.0,-794.0,-3.764705882352941
218.7,48,1,-80,-31.373,0.1,0.0,0.0,-0.0,-0.0,-794.0,-3.764705882352941
218.8,48,1,-80,-31.373,0.1,0.0,0.0,-0.0,-0.0,-794.0,-3.764705882352941
218.9,48,1,-80,-31.373,0.1,0.0,0.0,-0.0,-0.0,-794.0,-3.764705882352941
219.0,48,1,-80,-31.373,0.1,0.0,0.0,-0.0,-0.0,-794.0,-3.764705882352941
219.1,48,1,-80,-31.373,0.1,0.0,0.0,-0.0,-0.0,-794.0,-3.764705882352941
219.2,48,1,-80,-31.373,0.1,0.0,0.0,-0.0,-0.0,-794.0,-3.764705882352941
219.3,48,1,-80,-31.373,0.1,0.0,0.0,-0.0,-0.0,-794.0,-3.764705882352941
219.4,48,1,-80,-31.373,0.1,0.0,0.0,-0.0,-0.0,-794.0,-3.764705882352941
219.5,48,1,-80,-31.373,0.1,0.0,0.0,-0.0,-0.0,-794.0,-3.764705882352941
219.6,48,1,-80,-31.373,0.1,0.0,0.0,-0.0,-0.0,-794.0,-3.764705882352941
219.7,48,1,-80,-31.373,0.1,0.0,0.0,-0.0,-0.0,-794.0,-3.764705882352941
219.8,48,1,-80,-31.373,0.1,0.0,0.0,-0.0,-0.0,-794.0,-3.764705882352941
219.9,48,1,-80,-31.373,0.1,0.0,0.0,-0.0,-0.0,-794.0,-3.764705882352941
220.0,48,1,-80,-31.373,0.1,0.0,0.0,-0.0,-0.0,-794.0,-3.764705882352941
220.1,48,1,-80,-31.373,0.1,0.0,0.0,-0.0,-0.0,-794.0,-3.764705882352941
220.2,48,1,-80,-31.373,0.1,0.0,0.0,-0.0,-0.0,-794.0,-3.764705882352941
220.3,48,1,-80,-31.373,0.1,0.0,0.0,-0.0,-0.0,-794.0,-3.764705882352941
220.4,48,1,-80,-31.373,0.1,0.0,0.0,-0.0,-0.0,-794.0,-3.764705882352941
220.5,49,0,-60,-23.529,0.1,0.0,0.0,-0.0,-0.0,-794.0,-2.823529411764706
220.6,49,0,-60,-23.529,0.1,0.0,0.0,-0.0,-0.0,-794.0,-2.823529411764706
220.7,49,0,-60,-23.529,0.1,0.0,0.0,-0.0,-0.0,-794.0,-2.823529411764706
220.8,49,0,-60,-23.529,0.1,0.0,0.0,-0.0,-0.0,-794.0,-2.823529411764706
220.9,49,0,-60,-23.529,0.1,0.0,0.0,-0.0,-0.0,-794.0,-2.823529411764706
221.0,49,0,-60,-23.529,0.1,0.0,0.0,-0.0,-0.0,-794.0,-2.823529411764706
221.1,49,0,-60,-23.529,0.1,0.0,0.0,-0.0,-0.0,-794.0,-2.823529411764706
221.2,49,0,-60,-23.529,0.1,0.0,0.0,-0.0,-0.0,-794.0,-2.823529411764706
221.3,49,0,-60,-23.529,0.1,0.0,0.0,-0.0,-0.0,-794.0,-2.823529411764706
221.4,49,0,-60,-23.529,0.1,0.0,0.0,-0.0,-0.0,-794.0,-2.823529411764706
221.5,49,0,-60,-23.529,0.1,0.0,0.0,-0.0,-0.0,-794.0,-2.823529411764706
221.6,49,0,-60,-23.529,0.1,0.0,0.0,-0.0,-0.0,-794.0,-2.823529411764706
221.7,49,0,-60,-23.529,0.1,0.0,0.0,-0.0,-0.0,-794.0,-2.823529411764706
221.8,49,0,-60,-23.529,0.1,0.0,0.0,-0.0,-0.0,-794.0,-2.823529411764706
221.9,49,0,-60,-23.529,0.1,0.0,0.0,-0.0,-0.0,-794.0,-2.823529411764706
222.0,49,0,-60,-23.529,0.1,0.0,0.0,-0.0,-0.0,-794.0,-2.823529411764706
222.1,49,0,-60,-23.529,0.1,0.0,0.0,-0.0,-0.0,-794.0,-2.823529411764706
222.2,49,0,-60,-23.529,0.1,0.0,0.0,-0.0,-0.0,-794.0,-2.823529411764706
222.3,49,0,-60,-23.529,0.1,0.0,0.0,-0.0,-0.0,-794.0,-2.823529411764706
222.4,49,0,-60,-23.529,0.1,0.0,0.0,-0.0,-0.0,-794.0,-2.823529411764706
222.5,49,0,-60,-23.529,0.1,0.0,0.0,-0.0,-0.0,-794.0,-2.823529411764706
222.6,49,0,-60,-23.529,0.1,0.0,0.0,-0.0,-0.0,-794.0,-2.823529411764706
222.7,49,0,-60,-23.529,0.1,0.0,0.0,-0.0,-0.0,-794.0,-2.823529411764706
222.8,49,0,-60,-23.529,0.1,0.0,0.0,-0.0,-0.0,-794.0,-2.823529411764706
222.9,49,0,-60,-23.529,0.1,0.0,0.0,-0.0,-0.0,-794.0,-2.823529411764706
223.0,49,1,-60,-23.529,0.1,0.0,0.0,-0.0,-0.0,-794.0,-2.823529411764706
223.1,49,1,-60,-23.529,0.1,0.0,0.0,-0.0,-0.0,-794.0,-2.823529411764706
223.2,49,1,-60,-23.529,0.1,0.0,0.0,-0.0,-0.0,-794.0,-2.823529411764706
223.3,49,1,-60,-23.529,0.1,0.0,0.0,-0.0,-0.0,-794.0,-2.823529411764706
223.4,49,1,-60,-23.529,0.1,0.0,0.0,-0.0,-0.0,-794.0,-2.823529411764706
223.5,49,1,-60,-23.529,0.1,0.0,0.0,-0.0,-0.0,-794.0,-2.823529411764706
223.6,49,1,-60,-23.529,0.1,0.0,0.0,-0.0,-0.0,-794.0,-2.823529411764706
223.7,49,1,-60,-23.529,0.1,0.0,0.0,-0.0,-0.0,-794.0,-2.823529411764706
223.8,49,1,-60,-23.529,0.1,0.0,0.0,-0.0,-0.0,-794.0,-2.823529411764706
223.9,49,1,-60,-23.529,0.1,0.0,0.0,-0.0,-0.0,-794.0,-2.823529411764706
224.0,49,1,-60,-23.529,0.1,0.0,0.0,-0.0,-0.0,-794.0,-2.823529411764706
224.1,49,1,-60,-23.529,0.1,0.0,0.0,-0.0,-0.0,-794.0,-2.823529411764706
224.2,49,1,-60,-23.529,0.1,0.0,0.0,-0.0,-0.0,-794.0,-2.823529411764706
224.3,49,1,-60,-23.529,0.1,0.0,0.0,-0.0,-0.0,-794.0,-2.823529411764706
224.4,49,1,-60,-23.529,0.1,0.0,0.0,-0.0,-0.0,-794.0,-2.823529411764706
224.5,49,1,-60,-23.529,0.1,0.0,0.0,-0.0,-0.0,-794.0,-2.823529411764706
224.6,49,1,-60,-23.529,0.1,0.0,0.0,-0.0,-0.0,-794.0,-2.823529411764706
224.7,49,1,-60,-23.529,0.1,0.0,0.0,-0.0,-0.0,-794.0,-2.823529411764706
224.8,49,1,-60,-23.529,0.1,0.0,0.0,-0.0,-0.0,-794.0,-2.823529411764706
224.9,49,1,-60,-23.529,0.1,0.0,0.0,-0.0,-0.0,-794.0,-2.823529411764706
225.0,50,0,-40,-15.686,0.1,0.0,0.0,-0.0,-0.0,-794.0,-1.8823529411764706
225.1,50,0,-40,-15.686,0.1,0.0,0.0,-0.0,-0.0,-794.0,-1.8823529411764706
225.2,50,0,-40,-15.686,0.1,0.0,0.0,-0.0,-0.0,-794.0,-1.8823529411764706
225.3,50,0,-40,-15.686,0.1,0.0,0.0,-0.0,-0.0,-794.0,-1.8823529411764706
225.4,50,0,-40,-15.686,0.1,0.0,0.0,-0.0,-0.0,-794.0,-1.8823529411764706
225.5,50,0,-40,-15.686,0.1,0.0,0.0,-0.0,-0.0,-794.0,-1.8823529411764706
225.6,50,0,-40,-15.686,0.1,0.0,0.0,-0.0,-0.0,-794.0,-1.8823529411764706
225.7,50,0,-40,-15.686,0.1,0.0,0.0,-0.0,-0.0,-794.0,-1.8823529411764706
225.8,50,0,-40,-15.686,0.1,0.0,0.0,-0.0,-0.0,-794.0,-1.8823529411764706
225.9,50,0,-40,-15.686,0.1,0.0,0.0,-0.0,-0.0,-794.0,-1.8823529411764706
226.0,50,0,-40,-15.686,0.1,0.0,0.0,-0.0,-0.0,-794.0,-1.8823529411764706
226.1,50,0,-40,-15.686,0.1,0.0,0.0,-0.0,-0.0,-794.0,-1.8823529411764706
226.2,50,0,-40,-15.686,0.1,0.0,0.0,-0.0,-0.0,-794.0,-1.8823529411764706
226.3,50,0,-40,-15.686,0.1,0.0,0.0,-0.0,-0.0,-794.0,-1.8823529411764706
226.4,50,0,-40,-15.686,0.1,0.0,0.0,-0.0,-0.0,-794.0,-1.8823529411764706
226.5,50,0,-40,-15.686,0.1,0.0,0.0,-0.0,-0.0,-794.0,-1.8823529411764706
226.6,50,0,-40,-15.686,0.1,0.0,0.0,-0.0,-0.0,-794.0,-1.8823529411764706
226.7,50,0,-40,-15.686,0.1,0.0,0.0,-0.0,-0.0,-794.0,-1.8823529411764706
226.8,50,0,-40,-15.686,0.1,0.0,0.0,-0.0,-0.0,-794.0,-1.8823529411764706
226.9,50,0,-40,-15.686,0.1,0.0,0.0,-0.0,-0.0,-794.0,-1.8823529411764706
227.0,50,0,-40,-15.686,0.1,0.0,0.0,-0.0,-0.0,-794.0,-1.8823529411764706
227.1,50,0,-40,-15.686,0.1,0.0,0.0,-0.0,-0.0,-794.0,-1.8823529411764706
227.2,50,0,-40,-15.686,0.1,0.0,0.0,-0.0,-0.0,-794.0,-1.8823529411764706
227.3,50,0,-40,-15.686,0.1,0.0,0.0,-0.0,-0.0,-794.0,-1.8823529411764706
227.4,50,0,-40,-15.686,0.1,0.0,0.0,-0.0,-0.0,-794.0,-1.8823529411764706
227.5,50,1,-40,-15.686,0.1,0.0,0.0,-0.0,-0.0,-794.0,-1.8823529411764706
227.6,50,1,-40,-15.686,0.1,0.0,0.0,-0.0,-0.0,-794.0,-1.8823529411764706
227.7,50,1,-40,-15.686,0.1,0.0,0.0,-0.0,-0.0,-794.0,-1.8823529411764706
227.8,50,1,-40,-15.686,0.1,0.0,0.0,-0.0,-0.0,-794.0,-1.8823529411764706
227.9,50,1,-40,-15.686,0.1,0.0,0.0,-0.0,-0.0,-794.0,-1.8823529411764706
228.0,50,1,-40,-15.686,0.1,0.0,0.0,-0.0,-0.0,-794.0,-1.8823529411764706
228.1,50,1,-40,-15.686,0.1,0.0,0.0,-0.0,-0.0,-794.0,-1.8823529411764706
228.2,50,1,-40,-15.686,0.1,0.0,0.0,-0.0,-0.0,-794.0,-1.8823529411764706
228.3,50,1,-40,-15.686,0.1,0.0,0.0,-0.0,-0.0,-794.0,-1.8823529411764706
228.4,50,1,-40,-15.686,0.1,0.0,0.0,-0.0,-0.0,-794.0,-1.8823529411764706
228.5,50,1,-40,-15.686,0.1,0.0,0.0,-0.0,-0.0,-794.0,-1.8823529411764706
228.6,50,1,-40,-15.686,0.1,0.0,0.0,-0.0,-0.0,-794.0,-1.8823529411764706
228.7,50,1,-40,-15.686,0.1,0.0,0.0,-0.0,-0.0,-794.0,-1.8823529411764706
228.8,50,1,-40,-15.686,0.1,0.0,0.0,-0.0,-0.0,-794.0,-1.8823529411764706
228.9,50,1,-40,-15.686,0.1,0.0,0.0,-0.0,-0.0,-794.0,-1.8823529411764706
229.0,50,1,-40,-15.686,0.1,0.0,0.0,-0.0,-0.0,-794.0,-1.8823529411764706
229.1,50,1,-40,-15.686,0.1,0.0,0.0,-0.0,-0.0,-794.0,-1.8823529411764706
229.2,50,1,-40,-15.686,0.1,0.0,0.0,-0.0,-0.0,-794.0,-1.8823529411764706
229.3,50,1,-40,-15.686,0.1,0.0,0.0,-0.0,-0.0,-794.0,-1.8823529411764706
229.4,50,1,-40,-15.686,0.1,0.0,0.0,-0.0,-0.0,-794.0,-1.8823529411764706
229.5,51,0,-20,-7.843,0.1,0.0,0.0,-0.0,-0.0,-794.0,-0.9411764705882353
229.6,51,0,-20,-7.843,0.1,0.0,0.0,-0.0,-0.0,-794.0,-0.9411764705882353
229.7,51,0,-20,-7.843,0.1,0.0,0.0,-0.0,-0.0,-794.0,-0.9411764705882353
229.8,51,0,-20,-7.843,0.1,0.0,0.0,-0.0,-0.0,-794.0,-0.9411764705882353
229.9,51,0,-20,-7.843,0.1,0.0,0.0,-0.0,-0.0,-794.0,-0.9411764705882353
230.0,51,0,-20,-7.843,0.1,0.0,0.0,-0.0,-0.0,-794.0,-0.9411764705882353
230.1,51,0,-20,-7.843,0.1,0.0,0.0,-0.0,-0.0,-794.0,-0.9411764705882353
230.2,51,0,-20,-7.843,0.1,0.0,0.0,-0.0,-0.0,-794.0,-0.9411764705882353
230.3,51,0,-20,-7.843,0.1,0.0,0.0,-0.0,-0.0,-794.0,-0.9411764705882353
230.4,51,0,-20,-7.843,0.1,0.0,0.0,-0.0,-0.0,-794.0,-0.9411764705882353
230.5,51,0,-20,-7.843,0.1,0.0,0.0,-0.0,-0.0,-794.0,-0.9411764705882353
230.6,51,0,-20,-7.843,0.1,0.0,0.0,-0.0,-0.0,-794.0,-0.9411764705882353
230.7,51,0,-20,-7.843,0.1,0.0,0.0,-0.0,-0.0,-794.0,-0.9411764705882353
230.8,51,0,-20,-7.843,0.1,0.0,0.0,-0.0,-0.0,-794.0,-0.9411764705882353
230.9,51,0,-20,-7.843,0.1,0.0,0.0,-0.0,-0.0,-794.0,-0.9411764705882353
231.0,51,0,-20,-7.843,0.1,0.0,0.0,-0.0,-0.0,-794.0,-0.9411764705882353
231.1,51,0,-20,-7.843,0.1,0.0,0.0,-0.0,-0.0,-794.0,-0.9411764705882353
231.2,51,0,-20,-7.843,0.1,0.0,0.0,-0.0,-0.0,-794.0,-0.9411764705882353
231.3,51,0,-20,-7.843,0.1,0.0,0.0,-0.0,-0.0,-794.0,-0.9411764705882353
231.4,51,0,-20,-7.843,0.1,0.0,0.0,-0.0,-0.0,-794.0,-0.9411764705882353
231.5,51,0,-20,-7.843,0.1,0.0,0.0,-0.0,-0.0,-794.0,-0.9411764705882353
231.6,51,0,-20,-7.843,0.1,0.0,0.0,-0.0,-0.0,-794.0,-0.9411764705882353
231.7,51,0,-20,-7.843,0.1,0.0,0.0,-0.0,-0.0,-794.0,-0.9411764705882353
231.8,51,0,-20,-7.843,0.1,0.0,0.0,-0.0,-0.0,-794.0,-0.9411764705882353
231.9,51,0,-20,-7.843,0.1,0.0,0.0,-0.0,-0.0,-794.0,-0.9411764705882353
232.0,51,1,-20,-7.843,0.1,0.0,0.0,-0.0,-0.0,-794.0,-0.9411764705882353
232.1,51,1,-20,-7.843,0.1,0.0,0.0,-0.0,-0.0,-794.0,-0.9411764705882353
232.2,51,1,-20,-7.843,0.1,0.0,0.0,-0.0,-0.0,-794.0,-0.9411764705882353
232.3,51,1,-20,-7.843,0.1,0.0,0.0,-0.0,-0.0,-794.0,-0.9411764705882353
232.4,51,1,-20,-7.843,0.1,0.0,0.0,-0.0,-0.0,-794.0,-0.9411764705882353
232.5,51,1,-20,-7.843,0.1,0.0,0.0,-0.0,-0.0,-794.0,-0.9411764705882353
232.6,51,1,-20,-7.843,0.1,0.0,0.0,-0.0,-0.0,-794.0,-0.9411764705882353
232.7,51,1,-20,-7.843,0.1,0.0,0.0,-0.0,-0.0,-794.0,-0.9411764705882353
232.8,51,1,-20,-7.843,0.1,0.0,0.0,-0.0,-0.0,-794.0,-0.9411764705882353
232.9,51,1,-20,-7.843,0.1,0.0,0.0,-0.0,-0.0,-794.0,-0.9411764705882353
233.0,51,1,-20,-7.843,0.1,0.0,0.0,-0.0,-0.0,-794.0,-0.9411764705882353
233.1,51,1,-20,-7.843,0.1,0.0,0.0,-0.0,-0.0,-794.0,-0.9411764705882353
233.2,51,1,-20,-7.843,0.1,0.0,0.0,-0.0,-0.0,-794.0,-0.9411764705882353
233.3,51,1,-20,-7.843,0.1,0.0,0.0,-0.0,-0.0,-794.0,-0.9411764705882353
233.4,51,1,-20,-7.843,0.1,0.0,0.0,-0.0,-0.0,-794.0,-0.9411764705882353
233.5,51,1,-20,-7.843,0.1,0.0,0.0,-0.0,-0.0,-794.0,-0.9411764705882353
233.6,51,1,-20,-7.843,0.1,0.0,0.0,-0.0,-0.0,-794.0,-0.9411764705882353
233.7,51,1,-20,-7.843,0.1,0.0,0.0,-0.0,-0.0,-794.0,-0.9411764705882353
233.8,51,1,-20,-7.843,0.1,0.0,0.0,-0.0,-0.0,-794.0,-0.9411764705882353
233.9,51,1,-20,-7.843,0.1,0.0,0.0,-0.0,-0.0,-794.0,-0.9411764705882353
234.0,52,0,0,0.0,0.1,0.0,0.0,-0.0,-0.0,-794.0,0.0
234.1,52,0,0,0.0,0.1,0.0,0.0,-0.0,-0.0,-794.0,0.0
234.2,52,0,0,0.0,0.1,0.0,0.0,-0.0,-0.0,-794.0,0.0
234.3,52,0,0,0.0,0.1,0.0,0.0,-0.0,-0.0,-794.0,0.0
234.4,52,0,0,0.0,0.1,0.0,0.0,-0.0,-0.0,-794.0,0.0
234.5,52,0,0,0.0,0.1,0.0,0.0,-0.0,-0.0,-794.0,0.0
234.6,52,0,0,0.0,0.1,0.0,0.0,-0.0,-0.0,-794.0,0.0
234.7,52,0,0,0.0,0.1,0.0,0.0,-0.0,-0.0,-794.0,0.0
234.8,52,0,0,0.0,0.1,0.0,0.0,-0.0,-0.0,-794.0,0.0
234.9,52,0,0,0.0,0.1,0.0,0.0,-0.0,-0.0,-794.0,0.0
235.0,52,0,0,0.0,0.1,0.0,0.0,-0.0,-0.0,-794.0,0.0
235.1,52,0,0,0.0,0.1,0.0,0.0,-0.0,-0.0,-794.0,0.0
235.2,52,0,0,0.0,0.1,0.0,0.0,-0.0,-0.0,-794.0,0.0
235.3,52,0,0,0.0,0.1,0.0,0.0,-0.0,-0.0,-794.0,0.0
235.4,52,0,0,0.0,0.1,0.0,0.0,-0.0,-0.0,-794.0,0.0
235.5,52,0,0,0.0,0.1,0.0,0.0,-0.0,-0.0,-794.0,0.0
235.6,52,0,0,0.0,0.1,0.0,0.0,-0.0,-0.0,-794.0,0.0
235.7,52,0,0,0.0,0.1,0.0,0.0,-0.0,-0.0,-794.0,0.0
235.8,52,0,0,0.0,0.1,0.0,0.0,-0.0,-0.0,-794.0,0.0
235.9,52,0,0,0.0,0.1,0.0,0.0,-0.0,-0.0,-794.0,0.0
236.0,52,0,0,0.0,0.1,0.0,0.0,-0.0,-0.0,-794.0,0.0
236.1,52,0,0,0.0,0.1,0.0,0.0,-0.0,-0.0,-794.0,0.0
236.2,52,0,0,0.0,0.1,0.0,0.0,-0.0,-0.0,-794.0,0.0
236.3,52,0,0,0.0,0.1,0.0,0.0,-0.0,-0.0,-794.0,0.0
236.4,52,0,0,0.0,0.1,0.0,0.0,-0.0,-0.0,-794.0,0.0
236.5,52,1,0,0.0,0.1,0.0,0.0,-0.0,-0.0,-794.0,0.0
236.6,52,1,0,0.0,0.1,0.0,0.0,-0.0,-0.0,-794.0,0.0
236.7,52,1,0,0.0,0.1,0.0,0.0,-0.0,-0.0,-794.0,0.0
236.8,52,1,0,0.0,0.1,0.0,0.0,-0.0,-0.0,-794.0,0.0
236.9,52,1,0,0.0,0.1,0.0,0.0,-0.0,-0.0,-794.0,0.0
237.0,52,1,0,0.0,0.1,0.0,0.0,-0.0,-0.0,-794.0,0.0
237.1,52,1,0,0.0,0.1,0.0,0.0,-0.0,-0.0,-794.0,0.0
237.2,52,1,0,0.0,0.1,0.0,0.0,-0.0,-0.0,-794.0,0.0
237.3,52,1,0,0.0,0.1,0.0,0.0,-0.0,-0.0,-794.0,0.0
237.4,52,1,0,0.0,0.1,0.0,0.0,-0.0,-0.0,-794.0,0.0
237.5,52,1,0,0.0,0.1,0.0,0.0,-0.0,-0.0,-794.0,0.0
237.6,52,1,0,0.0,0.1,0.0,0.0,-0.0,-0.0,-794.0,0.0
237.7,52,1,0,0.0,0.1,0.0,0.0,-0.0,-0.0,-794.0,0.0
237.8,52,1,0,0.0,0.1,0.0,0.0,-0.0,-0.0,-794.0,0.0
237.9,52,1,0,0.0,0.1,0.0,0.0,-0.0,-0.0,-794.0,0.0
238.0,52,1,0,0.0,0.1,0.0,0.0,-0.0,-0.0,-794.0,0.0
238.1,52,1,0,0.0,0.1,0.0,0.0,-0.0,-0.0,-794.0,0.0
238.2,52,1,0,0.0,0.1,0.0,0.0,-0.0,-0.0,-794.0,0.0
238.3,52,1,0,0.0,0.1,0.0,0.0,-0.0,-0.0,-794.0,0.0
238.4,52,1,0,0.0,0.1,0.0,0.0,-0.0,-0.0,-794.0,0.0
